timestamp,accX,accY,accZ
174590354,0.24,-0.50,-0.66
174592210,0.25,-0.47,-0.69
174594214,0.25,-0.47,-0.69
174596210,0.25,-0.47,-0.69
174598214,0.25,-0.47,-0.69
174600211,0.25,-0.47,-0.69
174602208,0.23,-0.45,-0.74
174604222,0.23,-0.45,-0.74
174606254,0.23,-0.45,-0.74
174608211,0.23,-0.45,-0.74
174610213,0.23,-0.45,-0.74
174612255,0.23,-0.45,-0.80
174614211,0.23,-0.45,-0.80
174616295,0.23,-0.45,-0.80
174618214,0.23,-0.45,-0.80
174620212,0.23,-0.45,-0.80
174622210,0.23,-0.48,-0.80
174624211,0.23,-0.48,-0.80
174626211,0.23,-0.48,-0.80
174628211,0.23,-0.48,-0.80
174630211,0.23,-0.48,-0.80
174632210,0.23,-0.48,-0.80
174634212,0.22,-0.47,-0.78
174636210,0.22,-0.47,-0.78
174638210,0.22,-0.47,-0.78
174696293,0.22,-0.48,-0.89
174698256,0.22,-0.48,-0.89
174700255,0.22,-0.48,-0.89
174702257,0.22,-0.48,-0.89
174704255,0.21,-0.47,-0.86
174706256,0.21,-0.47,-0.86
174708303,0.21,-0.47,-0.86
174710379,0.21,-0.47,-0.86
174712277,0.21,-0.47,-0.86
174714260,0.21,-0.48,-0.83
174716348,0.21,-0.48,-0.83
174718216,0.21,-0.48,-0.83
174720281,0.21,-0.48,-0.83
174722257,0.21,-0.48,-0.83
174724223,0.21,-0.48,-0.83
174726213,0.21,-0.51,-0.86
174728227,0.21,-0.51,-0.86
174730258,0.21,-0.51,-0.86
174732212,0.21,-0.51,-0.86
174734215,0.21,-0.51,-0.86
174736281,0.22,-0.47,-0.88
174738256,0.22,-0.47,-0.88
174740357,0.22,-0.47,-0.88
174742259,0.22,-0.47,-0.88
174744254,0.22,-0.47,-0.88
174746259,0.22,-0.45,-0.89
174748253,0.22,-0.45,-0.89
174750217,0.22,-0.45,-0.89
174752247,0.22,-0.45,-0.89
174754305,0.22,-0.45,-0.89
174756246,0.23,-0.46,-0.88
174758212,0.23,-0.46,-0.88
174760216,0.23,-0.46,-0.88
174762234,0.23,-0.46,-0.88
174764216,0.23,-0.46,-0.88
174766369,0.25,-0.45,-0.85
174768214,0.25,-0.45,-0.85
174770211,0.25,-0.45,-0.85
174772211,0.25,-0.45,-0.85
174774211,0.25,-0.45,-0.85
174776298,0.25,-0.44,-0.83
174778257,0.25,-0.44,-0.83
174780258,0.25,-0.44,-0.83
174782260,0.25,-0.44,-0.83
174784259,0.25,-0.44,-0.83
174786299,0.26,-0.42,-0.82
174788282,0.26,-0.42,-0.82
174790371,0.26,-0.42,-0.82
174792255,0.26,-0.42,-0.82
174794223,0.26,-0.42,-0.82
174796214,0.27,-0.39,-0.81
174798216,0.27,-0.39,-0.81
174800215,0.27,-0.39,-0.81
174802214,0.27,-0.39,-0.81
174804218,0.27,-0.39,-0.81
174806218,0.27,-0.39,-0.81
174808293,0.27,-0.41,-0.82
174810274,0.27,-0.41,-0.82
174812255,0.27,-0.41,-0.82
174814215,0.27,-0.41,-0.82
174816373,0.27,-0.41,-0.82
174818259,0.27,-0.40,-0.81
174820255,0.27,-0.40,-0.81
174822256,0.27,-0.40,-0.81
174824256,0.27,-0.40,-0.81
174826254,0.27,-0.40,-0.81
174828215,0.28,-0.41,-0.81
174830222,0.28,-0.41,-0.81
174832220,0.28,-0.41,-0.81
174834216,0.28,-0.41,-0.81
174836222,0.28,-0.41,-0.81
174838215,0.29,-0.40,-0.80
174840300,0.29,-0.40,-0.80
174842220,0.29,-0.40,-0.80
174844215,0.29,-0.40,-0.80
174846216,0.29,-0.40,-0.80
174848220,0.29,-0.38,-0.80
174850235,0.29,-0.38,-0.80
174852216,0.29,-0.38,-0.80
174854214,0.29,-0.38,-0.80
174856255,0.29,-0.38,-0.80
174858254,0.30,-0.39,-0.79
174860260,0.30,-0.39,-0.79
174862255,0.30,-0.39,-0.79
174864300,0.30,-0.39,-0.79
174866384,0.30,-0.39,-0.79
174868254,0.31,-0.34,-0.77
174870253,0.31,-0.34,-0.77
174872216,0.31,-0.34,-0.77
174874219,0.31,-0.34,-0.77
174876218,0.31,-0.34,-0.77
174878218,0.30,-0.32,-0.79
174880221,0.30,-0.32,-0.79
174882211,0.30,-0.32,-0.79
174884220,0.30,-0.32,-0.79
174886219,0.30,-0.32,-0.79
174888220,0.31,-0.38,-0.85
174890295,0.31,-0.38,-0.85
174892299,0.31,-0.38,-0.85
174894254,0.31,-0.38,-0.85
174896266,0.31,-0.38,-0.85
174898254,0.31,-0.38,-0.85
174900256,0.30,-0.30,-0.86
174902296,0.30,-0.30,-0.86
174904274,0.30,-0.30,-0.86
174906255,0.30,-0.30,-0.86
174908255,0.30,-0.30,-0.86
174910260,0.30,-0.26,-0.84
174912273,0.30,-0.26,-0.84
174914253,0.30,-0.26,-0.84
174916330,0.30,-0.26,-0.84
174918219,0.30,-0.26,-0.84
174920377,0.27,-0.29,-0.85
174922246,0.27,-0.29,-0.85
174924214,0.27,-0.29,-0.85
174926211,0.27,-0.29,-0.85
174928240,0.27,-0.29,-0.85
174930260,0.25,-0.28,-0.87
174932214,0.25,-0.28,-0.87
174934210,0.25,-0.28,-0.87
174936284,0.25,-0.28,-0.87
174938260,0.25,-0.28,-0.87
174940360,0.21,-0.29,-0.89
174942256,0.21,-0.29,-0.89
174944256,0.21,-0.29,-0.89
174946257,0.21,-0.29,-0.89
174948253,0.21,-0.29,-0.89
174950295,0.18,-0.25,-0.95
174952256,0.18,-0.25,-0.95
174954214,0.18,-0.25,-0.95
174956216,0.18,-0.25,-0.95
174958239,0.18,-0.25,-0.95
174960251,0.15,-0.20,-0.95
174962231,0.15,-0.20,-0.95
174964214,0.15,-0.20,-0.95
174966317,0.15,-0.20,-0.95
174968216,0.15,-0.20,-0.95
174970215,0.08,-0.15,-0.96
174972215,0.08,-0.15,-0.96
174974220,0.08,-0.15,-0.96
174976267,0.08,-0.15,-0.96
174978258,0.08,-0.15,-0.96
174980258,0.03,-0.14,-1.03
174982254,0.03,-0.14,-1.03
174984254,0.03,-0.14,-1.03
174986253,0.03,-0.14,-1.03
174988220,0.03,-0.14,-1.03
174990299,0.03,-0.14,-1.03
174992216,-0.02,-0.15,-1.19
174994220,-0.02,-0.15,-1.19
174996219,-0.02,-0.15,-1.19
174998228,-0.02,-0.15,-1.19
175000299,-0.02,-0.15,-1.19
175002253,-0.07,-0.16,-1.28
175004222,-0.07,-0.16,-1.28
175006214,-0.07,-0.16,-1.28
175008215,-0.07,-0.16,-1.28
175010222,-0.07,-0.16,-1.28
175012256,-0.10,-0.24,-1.24
175014218,-0.10,-0.24,-1.24
175016372,-0.10,-0.24,-1.24
175018257,-0.10,-0.24,-1.24
175020259,-0.10,-0.24,-1.24
175022258,-0.15,-0.31,-1.25
175024255,-0.15,-0.31,-1.25
175026259,-0.15,-0.31,-1.25
175028238,-0.15,-0.31,-1.25
175030218,-0.15,-0.31,-1.25
175032221,-0.16,-0.30,-1.34
175034222,-0.16,-0.30,-1.34
175036219,-0.16,-0.30,-1.34
175038229,-0.16,-0.30,-1.34
175040290,-0.16,-0.30,-1.34
175042220,-0.17,-0.30,-1.43
175044214,-0.17,-0.30,-1.43
175046216,-0.17,-0.30,-1.43
175048220,-0.17,-0.30,-1.43
175050216,-0.17,-0.30,-1.43
175052217,-0.17,-0.28,-1.46
175054219,-0.17,-0.28,-1.46
175056255,-0.17,-0.28,-1.46
175058258,-0.17,-0.28,-1.46
175060259,-0.17,-0.28,-1.46
175062256,-0.14,-0.25,-1.46
175064257,-0.14,-0.25,-1.46
175066328,-0.14,-0.25,-1.46
175068215,-0.14,-0.25,-1.46
175070218,-0.14,-0.25,-1.46
175072214,-0.14,-0.25,-1.46
175074216,-0.11,-0.26,-1.45
175076218,-0.11,-0.26,-1.45
175078222,-0.11,-0.26,-1.45
175080219,-0.11,-0.26,-1.45
175082215,-0.11,-0.26,-1.45
175084215,-0.05,-0.23,-1.35
175086214,-0.05,-0.23,-1.35
175088215,-0.05,-0.23,-1.35
175090285,-0.05,-0.23,-1.35
175092214,-0.05,-0.23,-1.35
175094216,-0.00,-0.14,-1.22
175096254,-0.00,-0.14,-1.22
175098256,-0.00,-0.14,-1.22
175100256,-0.00,-0.14,-1.22
175102267,-0.00,-0.14,-1.22
175104282,0.05,-0.09,-1.13
175106256,0.05,-0.09,-1.13
175108256,0.05,-0.09,-1.13
175110226,0.05,-0.09,-1.13
175112268,0.05,-0.09,-1.13
175114221,0.08,-0.10,-1.09
175116312,0.08,-0.10,-1.09
175118221,0.08,-0.10,-1.09
175120211,0.08,-0.10,-1.09
175122212,0.08,-0.10,-1.09
175124216,0.12,-0.03,-1.02
175126215,0.12,-0.03,-1.02
175128216,0.12,-0.03,-1.02
175130214,0.12,-0.03,-1.02
175132212,0.12,-0.03,-1.02
175134211,0.13,0.02,-0.96
175136260,0.13,0.02,-0.96
175138256,0.13,0.02,-0.96
175140338,0.13,0.02,-0.96
175142257,0.13,0.02,-0.96
175144258,0.13,0.03,-0.97
175146256,0.13,0.03,-0.97
175148220,0.13,0.03,-0.97
175150220,0.13,0.03,-0.97
175152216,0.13,0.03,-0.97
175154221,0.13,0.03,-0.97
175156216,0.13,0.02,-1.01
175158215,0.13,0.02,-1.01
175160222,0.13,0.02,-1.01
175162233,0.13,0.02,-1.01
175164216,0.13,0.02,-1.01
175166295,0.11,-0.00,-1.04
175168222,0.11,-0.00,-1.04
175170220,0.11,-0.00,-1.04
175172215,0.11,-0.00,-1.04
175174217,0.11,-0.00,-1.04
175176257,0.08,-0.04,-1.05
175178263,0.08,-0.04,-1.05
175180260,0.08,-0.04,-1.05
175182190,0.08,-0.04,-1.05
175184188,0.08,-0.04,-1.05
175186188,0.06,-0.11,-1.09
175188189,0.06,-0.11,-1.09
175190188,0.06,-0.11,-1.09
175192208,0.06,-0.11,-1.09
175194188,0.06,-0.11,-1.09
175196189,0.04,-0.16,-1.13
175198187,0.04,-0.16,-1.13
175200188,0.04,-0.16,-1.13
175202188,0.04,-0.16,-1.13
175204189,0.04,-0.16,-1.13
175206188,0.03,-0.16,-1.14
175208188,0.03,-0.16,-1.14
175210187,0.03,-0.16,-1.14
175212250,0.03,-0.16,-1.14
175214190,0.03,-0.16,-1.14
175216280,0.04,-0.20,-1.13
175218190,0.04,-0.20,-1.13
175220191,0.04,-0.20,-1.13
175222188,0.04,-0.20,-1.13
175224188,0.04,-0.20,-1.13
175260286,0.08,-0.16,-0.98
175262261,0.08,-0.16,-0.98
175264255,0.08,-0.16,-0.98
175266348,0.08,-0.16,-0.98
175268254,0.10,-0.15,-0.93
175270265,0.10,-0.15,-0.93
175272284,0.10,-0.15,-0.93
175274270,0.10,-0.15,-0.93
175276256,0.10,-0.15,-0.93
175278252,0.10,-0.13,-0.93
175280216,0.10,-0.13,-0.93
175282214,0.10,-0.13,-0.93
175284216,0.10,-0.13,-0.93
175286218,0.10,-0.13,-0.93
175288226,0.11,-0.14,-0.95
175290311,0.11,-0.14,-0.95
175292218,0.11,-0.14,-0.95
175294216,0.11,-0.14,-0.95
175296220,0.11,-0.14,-0.95
175298214,0.10,-0.14,-0.93
175300259,0.10,-0.14,-0.93
175302257,0.10,-0.14,-0.93
175304255,0.10,-0.14,-0.93
175306258,0.10,-0.14,-0.93
175308283,0.10,-0.14,-0.89
175310269,0.10,-0.14,-0.89
175312283,0.10,-0.14,-0.89
175314254,0.10,-0.14,-0.89
175316319,0.10,-0.14,-0.89
175318220,0.10,-0.14,-0.84
175320215,0.10,-0.14,-0.84
175322220,0.10,-0.14,-0.84
175324219,0.10,-0.14,-0.84
175326218,0.10,-0.14,-0.84
175328277,0.09,-0.15,-0.85
175330256,0.09,-0.15,-0.85
175332220,0.09,-0.15,-0.85
175334212,0.09,-0.15,-0.85
175336211,0.09,-0.15,-0.85
175338241,0.09,-0.15,-0.85
175340366,0.08,-0.14,-0.84
175342282,0.08,-0.14,-0.84
175344255,0.08,-0.14,-0.84
175346255,0.08,-0.14,-0.84
175348259,0.08,-0.14,-0.84
175350254,0.07,-0.12,-0.78
175352255,0.07,-0.12,-0.78
175354248,0.07,-0.12,-0.78
175356215,0.07,-0.12,-0.78
175358216,0.07,-0.12,-0.78
175360225,0.08,-0.14,-0.72
175362229,0.08,-0.14,-0.72
175364216,0.08,-0.14,-0.72
175366313,0.08,-0.14,-0.72
175368216,0.08,-0.14,-0.72
175370217,0.08,-0.13,-0.65
175372237,0.08,-0.13,-0.65
175374216,0.08,-0.13,-0.65
175376223,0.08,-0.13,-0.65
175378216,0.08,-0.13,-0.65
175380267,0.09,-0.12,-0.61
175382261,0.09,-0.12,-0.61
175384255,0.09,-0.12,-0.61
175386256,0.09,-0.12,-0.61
175388255,0.09,-0.12,-0.61
175390347,0.10,-0.09,-0.59
175392226,0.10,-0.09,-0.59
175394222,0.10,-0.09,-0.59
175396219,0.10,-0.09,-0.59
175398216,0.10,-0.09,-0.59
175400219,0.09,-0.11,-0.62
175402223,0.09,-0.11,-0.62
175404219,0.09,-0.11,-0.62
175406223,0.09,-0.11,-0.62
175408217,0.09,-0.11,-0.62
175410218,0.08,-0.15,-0.64
175412255,0.08,-0.15,-0.64
175414222,0.08,-0.15,-0.64
175416291,0.08,-0.15,-0.64
175418217,0.08,-0.15,-0.64
175420258,0.08,-0.15,-0.64
175422255,0.07,-0.16,-0.64
175424282,0.07,-0.16,-0.64
175426284,0.07,-0.16,-0.64
175428260,0.07,-0.16,-0.64
175430368,0.07,-0.16,-0.64
175432270,0.06,-0.18,-0.66
175434255,0.06,-0.18,-0.66
175436219,0.06,-0.18,-0.66
175438221,0.06,-0.18,-0.66
175440323,0.06,-0.18,-0.66
175442227,0.06,-0.22,-0.70
175444223,0.06,-0.22,-0.70
175446223,0.06,-0.22,-0.70
175448220,0.06,-0.22,-0.70
175450264,0.06,-0.22,-0.70
175452262,0.05,-0.22,-0.74
175454222,0.05,-0.22,-0.74
175456223,0.05,-0.22,-0.74
175458232,0.05,-0.22,-0.74
175460267,0.05,-0.22,-0.74
175462275,0.05,-0.23,-0.80
175464250,0.05,-0.23,-0.80
175466341,0.05,-0.23,-0.80
175468252,0.05,-0.23,-0.80
175470252,0.05,-0.23,-0.80
175472230,0.06,-0.23,-0.85
175474214,0.06,-0.23,-0.85
175476215,0.06,-0.23,-0.85
175478205,0.06,-0.23,-0.85
175480213,0.06,-0.23,-0.85
175482212,0.06,-0.25,-0.86
175484212,0.06,-0.25,-0.86
175486214,0.06,-0.25,-0.86
175488216,0.06,-0.25,-0.86
175490286,0.06,-0.25,-0.86
175492211,0.06,-0.27,-0.88
175494208,0.06,-0.27,-0.88
175496209,0.06,-0.27,-0.88
175498208,0.06,-0.27,-0.88
175500251,0.06,-0.27,-0.88
175502252,0.06,-0.27,-0.93
175504250,0.06,-0.27,-0.93
175506255,0.06,-0.27,-0.93
175508255,0.06,-0.27,-0.93
175510254,0.06,-0.27,-0.93
175512252,0.06,-0.27,-0.93
175514212,0.07,-0.27,-0.98
175516307,0.07,-0.27,-0.98
175518217,0.07,-0.27,-0.98
175520208,0.07,-0.27,-0.98
175522210,0.07,-0.27,-0.98
175524205,0.08,-0.30,-0.98
175526217,0.08,-0.30,-0.98
175528249,0.08,-0.30,-0.98
175530211,0.08,-0.30,-0.98
175532211,0.08,-0.30,-0.98
175534208,0.09,-0.29,-0.94
175536209,0.09,-0.29,-0.94
175538215,0.09,-0.29,-0.94
175540271,0.09,-0.29,-0.94
175542253,0.09,-0.29,-0.94
175544259,0.10,-0.30,-0.93
175546254,0.10,-0.30,-0.93
175548187,0.10,-0.30,-0.93
175550188,0.10,-0.30,-0.93
175552184,0.10,-0.30,-0.93
175554186,0.10,-0.28,-0.95
175556184,0.10,-0.28,-0.95
175558186,0.10,-0.28,-0.95
175560189,0.10,-0.28,-0.95
175562216,0.10,-0.28,-0.95
175564187,0.10,-0.25,-0.96
175566215,0.10,-0.25,-0.96
175568186,0.10,-0.25,-0.96
175570192,0.10,-0.25,-0.96
175572260,0.10,-0.25,-0.96
175574221,0.08,-0.25,-0.99
175576184,0.08,-0.25,-0.99
175578185,0.08,-0.25,-0.99
175580185,0.08,-0.25,-0.99
175582185,0.08,-0.25,-0.99
175584188,0.04,-0.25,-1.09
175586183,0.04,-0.25,-1.09
175588185,0.04,-0.25,-1.09
176558286,0.05,-0.44,-0.81
176560256,0.05,-0.44,-0.81
176562280,0.05,-0.44,-0.81
176564267,0.05,-0.44,-0.81
176566269,0.05,-0.44,-0.81
176568248,0.03,-0.50,-0.85
176570243,0.03,-0.50,-0.85
176572246,0.03,-0.50,-0.85
176574285,0.03,-0.50,-0.85
176576271,0.03,-0.50,-0.85
176578243,0.02,-0.54,-0.89
176580215,0.02,-0.54,-0.89
176582204,0.02,-0.54,-0.89
176584202,0.02,-0.54,-0.89
176586204,0.02,-0.54,-0.89
176588210,0.01,-0.56,-0.93
176590236,0.01,-0.56,-0.93
176592208,0.01,-0.56,-0.93
176594205,0.01,-0.56,-0.93
176596205,0.01,-0.56,-0.93
176598248,0.02,-0.56,-0.92
176600247,0.02,-0.56,-0.92
176602243,0.02,-0.56,-0.92
176604242,0.02,-0.56,-0.92
176606284,0.02,-0.56,-0.92
176608270,0.02,-0.56,-0.89
176610253,0.02,-0.56,-0.89
176612253,0.02,-0.56,-0.89
176614212,0.02,-0.56,-0.89
176616233,0.02,-0.56,-0.89
176618207,0.02,-0.55,-0.93
176620213,0.02,-0.55,-0.93
176622206,0.02,-0.55,-0.93
176624204,0.02,-0.55,-0.93
176626203,0.02,-0.55,-0.93
176628205,0.02,-0.48,-0.98
176630203,0.02,-0.48,-0.98
176632205,0.02,-0.48,-0.98
176634204,0.02,-0.48,-0.98
176636206,0.02,-0.48,-0.98
176638248,0.02,-0.39,-1.02
176640339,0.02,-0.39,-1.02
176642250,0.02,-0.39,-1.02
176644248,0.02,-0.39,-1.02
176646246,0.02,-0.39,-1.02
176648247,0.02,-0.39,-1.02
176650207,0.04,-0.34,-1.00
176652226,0.04,-0.34,-1.00
176654280,0.04,-0.34,-1.00
176656248,0.04,-0.34,-1.00
176658203,0.04,-0.34,-1.00
176660212,0.03,-0.29,-0.91
176662226,0.03,-0.29,-0.91
176664211,0.03,-0.29,-0.91
176666236,0.03,-0.29,-0.91
176668236,0.03,-0.29,-0.91
176670254,0.02,-0.27,-0.89
176672204,0.02,-0.27,-0.89
176674203,0.02,-0.27,-0.89
176676207,0.02,-0.27,-0.89
176678271,0.02,-0.27,-0.89
176680248,-0.03,-0.23,-0.97
176682246,-0.03,-0.23,-0.97
176684274,-0.03,-0.23,-0.97
176686267,-0.03,-0.23,-0.97
176688260,-0.03,-0.23,-0.97
176690355,-0.10,-0.23,-1.14
176692255,-0.10,-0.23,-1.14
176694285,-0.10,-0.23,-1.14
176696241,-0.10,-0.23,-1.14
176698205,-0.10,-0.23,-1.14
176700203,-0.17,-0.25,-1.30
176702204,-0.17,-0.25,-1.30
176704251,-0.17,-0.25,-1.30
176706203,-0.17,-0.25,-1.30
176708203,-0.17,-0.25,-1.30
176710208,-0.25,-0.31,-1.40
176712247,-0.25,-0.31,-1.40
176714203,-0.25,-0.31,-1.40
176716235,-0.25,-0.31,-1.40
176718266,-0.25,-0.31,-1.40
176720249,-0.29,-0.39,-1.46
176722247,-0.29,-0.39,-1.46
176724266,-0.29,-0.39,-1.46
176726272,-0.29,-0.39,-1.46
176728259,-0.29,-0.39,-1.46
176730247,-0.29,-0.39,-1.46
176732244,-0.31,-0.44,-1.48
176734256,-0.31,-0.44,-1.48
176736271,-0.31,-0.44,-1.48
176738208,-0.31,-0.44,-1.48
176740228,-0.31,-0.44,-1.48
176742206,-0.29,-0.41,-1.41
176744261,-0.29,-0.41,-1.41
176746237,-0.29,-0.41,-1.41
176748211,-0.29,-0.41,-1.41
176750204,-0.29,-0.41,-1.41
176752202,-0.24,-0.32,-1.25
176754208,-0.24,-0.32,-1.25
176756242,-0.24,-0.32,-1.25
176758260,-0.24,-0.32,-1.25
176760253,-0.24,-0.32,-1.25
176762251,-0.18,-0.20,-1.07
176764252,-0.18,-0.20,-1.07
176766338,-0.18,-0.20,-1.07
176768262,-0.18,-0.20,-1.07
176770247,-0.18,-0.20,-1.07
176772245,-0.12,-0.12,-0.97
176774251,-0.12,-0.12,-0.97
176776274,-0.12,-0.12,-0.97
176778232,-0.12,-0.12,-0.97
176780202,-0.12,-0.12,-0.97
176782202,-0.08,-0.06,-0.93
176784202,-0.08,-0.06,-0.93
176786205,-0.08,-0.06,-0.93
176788216,-0.08,-0.06,-0.93
176790229,-0.08,-0.06,-0.93
176792204,-0.04,0.05,-0.92
176794195,-0.04,0.05,-0.92
176796194,-0.04,0.05,-0.92
176798255,-0.04,0.05,-0.92
176800241,-0.04,0.05,-0.92
176802251,-0.00,0.09,-0.96
176804253,-0.00,0.09,-0.96
176806245,-0.00,0.09,-0.96
176808241,-0.00,0.09,-0.96
176810215,-0.00,0.09,-0.96
176812255,0.01,0.11,-0.98
176814350,0.01,0.11,-0.98
176816259,0.01,0.11,-0.98
176818204,0.01,0.11,-0.98
176820204,0.01,0.11,-0.98
176822205,0.01,0.11,-0.98
176824194,0.02,0.09,-0.97
176826210,0.02,0.09,-0.97
176828203,0.02,0.09,-0.97
176830213,0.02,0.09,-0.97
176832253,0.02,0.09,-0.97
176834210,-0.01,-0.01,-0.98
176836207,-0.01,-0.01,-0.98
176838271,-0.01,-0.01,-0.98
176840274,-0.01,-0.01,-0.98
176842246,-0.01,-0.01,-0.98
176844261,-0.04,-0.09,-1.05
176846272,-0.04,-0.09,-1.05
176848266,-0.04,-0.09,-1.05
176850247,-0.04,-0.09,-1.05
176852245,-0.04,-0.09,-1.05
176854234,-0.07,-0.16,-1.14
176856205,-0.07,-0.16,-1.14
176858266,-0.07,-0.16,-1.14
176860222,-0.07,-0.16,-1.14
176862252,-0.07,-0.16,-1.14
176864268,-0.09,-0.23,-1.17
176866233,-0.09,-0.23,-1.17
176868202,-0.09,-0.23,-1.17
176870194,-0.09,-0.23,-1.17
176872257,-0.09,-0.23,-1.17
176874240,-0.11,-0.29,-1.14
176876202,-0.11,-0.29,-1.14
176878273,-0.11,-0.29,-1.14
176880249,-0.11,-0.29,-1.14
176882251,-0.11,-0.29,-1.14
176884247,-0.11,-0.31,-1.10
176886247,-0.11,-0.31,-1.10
176888243,-0.11,-0.31,-1.10
176890268,-0.11,-0.31,-1.10
176892211,-0.11,-0.31,-1.10
176894204,-0.09,-0.27,-1.07
176896204,-0.09,-0.27,-1.07
176898203,-0.09,-0.27,-1.07
176900206,-0.09,-0.27,-1.07
176902206,-0.09,-0.27,-1.07
176904203,-0.09,-0.27,-1.07
176906204,-0.05,-0.22,-0.98
176908204,-0.05,-0.22,-0.98
176910205,-0.05,-0.22,-0.98
176912274,-0.05,-0.22,-0.98
176914280,-0.05,-0.22,-0.98
176916241,-0.02,-0.17,-0.83
176918262,-0.02,-0.17,-0.83
176920247,-0.02,-0.17,-0.83
176922244,-0.02,-0.17,-0.83
176924245,-0.02,-0.17,-0.83
176926242,-0.00,-0.16,-0.74
176928244,-0.00,-0.16,-0.74
176930202,-0.00,-0.16,-0.74
176932213,-0.00,-0.16,-0.74
176934318,-0.00,-0.16,-0.74
176936233,0.00,-0.13,-0.74
176938202,0.00,-0.13,-0.74
176940193,0.00,-0.13,-0.74
176942204,0.00,-0.13,-0.74
176944205,0.00,-0.13,-0.74
176946204,0.01,-0.10,-0.79
176948221,0.01,-0.10,-0.79
176950201,0.01,-0.10,-0.79
176952194,0.01,-0.10,-0.79
176954202,0.01,-0.10,-0.79
176956205,0.01,-0.11,-0.81
176958263,0.01,-0.11,-0.81
176960262,0.01,-0.11,-0.81
176962272,0.01,-0.11,-0.81
176964245,0.01,-0.11,-0.81
176966259,0.00,-0.11,-0.76
176968247,0.00,-0.11,-0.76
176970246,0.00,-0.11,-0.76
176972207,0.00,-0.11,-0.76
176974205,0.00,-0.11,-0.76
176976204,0.01,-0.11,-0.73
176978203,0.01,-0.11,-0.73
176980208,0.01,-0.11,-0.73
176982203,0.01,-0.11,-0.73
176984205,0.01,-0.11,-0.73
176986202,0.01,-0.11,-0.73
176988205,0.00,-0.10,-0.74
176990216,0.00,-0.10,-0.74
176992210,0.00,-0.10,-0.74
176994210,0.00,-0.10,-0.74
176996215,0.00,-0.10,-0.74
176998251,0.01,-0.07,-0.74
177000248,0.01,-0.07,-0.74
177002245,0.01,-0.07,-0.74
177004244,0.01,-0.07,-0.74
177006246,0.01,-0.07,-0.74
177008244,0.01,-0.09,-0.72
177010206,0.01,-0.09,-0.72
177012243,0.01,-0.09,-0.72
177014204,0.01,-0.09,-0.72
177016227,0.01,-0.09,-0.72
177018204,0.01,-0.07,-0.70
177020195,0.01,-0.07,-0.70
177022203,0.01,-0.07,-0.70
177024202,0.01,-0.07,-0.70
177026195,0.01,-0.07,-0.70
177028204,0.02,-0.04,-0.68
177030194,0.02,-0.04,-0.68
177032203,0.02,-0.04,-0.68
177034202,0.02,-0.04,-0.68
177036204,0.02,-0.04,-0.68
177038256,0.03,-0.03,-0.67
177040257,0.03,-0.03,-0.67
177042249,0.03,-0.03,-0.67
177044249,0.03,-0.03,-0.67
177046270,0.03,-0.03,-0.67
177048248,0.04,0.01,-0.66
177050245,0.04,0.01,-0.66
177052204,0.04,0.01,-0.66
177054207,0.04,0.01,-0.66
177056206,0.04,0.01,-0.66
177058203,0.05,0.01,-0.65
177060210,0.05,0.01,-0.65
177062221,0.05,0.01,-0.65
177064224,0.05,0.01,-0.65
177066264,0.05,0.01,-0.65
177068206,0.06,0.02,-0.62
177070204,0.06,0.02,-0.62
177072206,0.06,0.02,-0.62
177074203,0.06,0.02,-0.62
177076204,0.06,0.02,-0.62
177078252,0.06,0.02,-0.62
177080244,0.06,0.03,-0.60
177082244,0.06,0.03,-0.60
177084245,0.06,0.03,-0.60
177086245,0.06,0.03,-0.60
177088242,0.06,0.03,-0.60
177090234,0.06,0.01,-0.61
177092256,0.06,0.01,-0.61
177094203,0.06,0.01,-0.61
177096203,0.06,0.01,-0.61
177098203,0.06,0.01,-0.61
177100203,0.05,0.01,-0.65
177102203,0.05,0.01,-0.65
177104204,0.05,0.01,-0.65
177106195,0.05,0.01,-0.65
177108205,0.05,0.01,-0.65
177110205,0.03,-0.01,-0.72
177112239,0.03,-0.01,-0.72
177114207,0.03,-0.01,-0.72
177116235,0.03,-0.01,-0.72
177118260,0.03,-0.01,-0.72
177120247,0.01,-0.04,-0.84
177122258,0.01,-0.04,-0.84
177124204,0.01,-0.04,-0.84
177126184,0.01,-0.04,-0.84
177128181,0.01,-0.04,-0.84
177130183,-0.00,-0.07,-0.95
177132182,-0.00,-0.07,-0.95
177134191,-0.00,-0.07,-0.95
177136260,-0.00,-0.07,-0.95
177138182,-0.00,-0.07,-0.95
177140185,-0.04,-0.12,-1.00
177142188,-0.04,-0.12,-1.00
177144188,-0.04,-0.12,-1.00
177146181,-0.04,-0.12,-1.00
177148185,-0.04,-0.12,-1.00
177150183,-0.05,-0.14,-1.02
177152186,-0.05,-0.14,-1.02
177154180,-0.05,-0.14,-1.02
177156181,-0.05,-0.14,-1.02
177158181,-0.05,-0.14,-1.02
177160183,-0.05,-0.14,-1.02
177162212,-0.06,-0.14,-1.07
177164189,-0.06,-0.14,-1.07
177166252,-0.06,-0.14,-1.07
178054292,-0.02,-0.10,-0.71
178056262,-0.02,-0.10,-0.71
178058270,-0.02,-0.10,-0.71
178060255,-0.02,-0.10,-0.71
178062274,-0.03,-0.10,-0.76
178064253,-0.03,-0.10,-0.76
178066389,-0.03,-0.10,-0.76
178068273,-0.03,-0.10,-0.76
178070250,-0.03,-0.10,-0.76
178072248,-0.03,-0.11,-0.81
178074204,-0.03,-0.11,-0.81
178076203,-0.03,-0.11,-0.81
178078207,-0.03,-0.11,-0.81
178080209,-0.03,-0.11,-0.81
178082210,-0.04,-0.11,-0.80
178084210,-0.04,-0.11,-0.80
178086281,-0.04,-0.11,-0.80
178088247,-0.04,-0.11,-0.80
178090299,-0.04,-0.11,-0.80
178092211,-0.04,-0.09,-0.75
178094276,-0.04,-0.09,-0.75
178096269,-0.04,-0.09,-0.75
178098254,-0.04,-0.09,-0.75
178100243,-0.04,-0.09,-0.75
178102255,-0.04,-0.09,-0.75
178104263,-0.03,-0.08,-0.69
178106256,-0.03,-0.08,-0.69
178108247,-0.03,-0.08,-0.69
178110248,-0.03,-0.08,-0.69
178112282,-0.03,-0.08,-0.69
178114249,-0.00,-0.04,-0.65
178116312,-0.00,-0.04,-0.65
178118206,-0.00,-0.04,-0.65
178120205,-0.00,-0.04,-0.65
178122205,-0.00,-0.04,-0.65
178124205,0.01,-0.00,-0.58
178126203,0.01,-0.00,-0.58
178128211,0.01,-0.00,-0.58
178130207,0.01,-0.00,-0.58
178132195,0.01,-0.00,-0.58
178134265,0.02,0.01,-0.54
178136248,0.02,0.01,-0.54
178138244,0.02,0.01,-0.54
178140328,0.02,0.01,-0.54
178142272,0.02,0.01,-0.54
178144369,0.04,0.05,-0.57
178146276,0.04,0.05,-0.57
178148246,0.04,0.05,-0.57
178150210,0.04,0.05,-0.57
178152210,0.04,0.05,-0.57
178154207,0.05,0.04,-0.64
178156205,0.05,0.04,-0.64
178158202,0.05,0.04,-0.64
178160208,0.05,0.04,-0.64
178162223,0.05,0.04,-0.64
178164204,0.06,0.04,-0.65
178166306,0.06,0.04,-0.65
178168213,0.06,0.04,-0.65
178170210,0.06,0.04,-0.65
178172203,0.06,0.04,-0.65
178174255,0.05,0.00,-0.62
178176246,0.05,0.00,-0.62
178178243,0.05,0.00,-0.62
178180248,0.05,0.00,-0.62
178182245,0.05,0.00,-0.62
178184246,0.05,0.00,-0.62
178186210,0.05,-0.03,-0.65
178188204,0.05,-0.03,-0.65
178190357,0.05,-0.03,-0.65
178192245,0.05,-0.03,-0.65
178194210,0.05,-0.03,-0.65
178196201,0.04,-0.05,-0.75
178198203,0.04,-0.05,-0.75
178200202,0.04,-0.05,-0.75
178202236,0.04,-0.05,-0.75
178204253,0.04,-0.05,-0.75
178206205,0.04,-0.08,-0.88
178208195,0.04,-0.08,-0.88
178210209,0.04,-0.08,-0.88
178212242,0.04,-0.08,-0.88
178214267,0.04,-0.08,-0.88
178216351,0.03,-0.05,-0.94
178218246,0.03,-0.05,-0.94
178220247,0.03,-0.05,-0.94
178222245,0.03,-0.05,-0.94
178224251,0.03,-0.05,-0.94
178226252,0.02,-0.05,-0.97
178228260,0.02,-0.05,-0.97
178230272,0.02,-0.05,-0.97
178232222,0.02,-0.05,-0.97
178234207,0.02,-0.05,-0.97
178236195,0.03,-0.05,-0.99
178238206,0.03,-0.05,-0.99
178240195,0.03,-0.05,-0.99
178242215,0.03,-0.05,-0.99
178244203,0.03,-0.05,-0.99
178246204,0.02,-0.08,-1.02
178248195,0.02,-0.08,-1.02
178250207,0.02,-0.08,-1.02
178252204,0.02,-0.08,-1.02
178254270,0.02,-0.08,-1.02
178256248,0.03,-0.09,-1.05
178258252,0.03,-0.09,-1.05
178260253,0.03,-0.09,-1.05
178262255,0.03,-0.09,-1.05
178264243,0.03,-0.09,-1.05
178266290,0.03,-0.09,-1.05
178268211,0.03,-0.09,-1.05
178270206,0.03,-0.09,-1.05
178272203,0.03,-0.09,-1.05
178274218,0.03,-0.09,-1.05
178276299,0.03,-0.09,-1.05
178278229,0.04,-0.11,-1.06
178280203,0.04,-0.11,-1.06
178282205,0.04,-0.11,-1.06
178284193,0.04,-0.11,-1.06
178286206,0.04,-0.11,-1.06
178288205,0.05,-0.07,-1.03
178290293,0.05,-0.07,-1.03
178292247,0.05,-0.07,-1.03
178294265,0.05,-0.07,-1.03
178296246,0.05,-0.07,-1.03
178298241,0.05,-0.07,-1.04
178300248,0.05,-0.07,-1.04
178302248,0.05,-0.07,-1.04
178304245,0.05,-0.07,-1.04
178306207,0.05,-0.07,-1.04
178308203,0.05,-0.06,-1.07
178310217,0.05,-0.06,-1.07
178312279,0.05,-0.06,-1.07
178314254,0.05,-0.06,-1.07
178316311,0.05,-0.06,-1.07
178318210,0.02,-0.04,-1.11
178320202,0.02,-0.04,-1.11
178322203,0.02,-0.04,-1.11
178324221,0.02,-0.04,-1.11
178326204,0.02,-0.04,-1.11
178328205,-0.01,-0.09,-1.20
178330215,-0.01,-0.09,-1.20
178332254,-0.01,-0.09,-1.20
178334271,-0.01,-0.09,-1.20
178336323,-0.01,-0.09,-1.20
178338251,-0.07,-0.09,-1.41
178340370,-0.07,-0.09,-1.41
178342264,-0.07,-0.09,-1.41
178344253,-0.07,-0.09,-1.41
178346249,-0.07,-0.09,-1.41
178348254,-0.14,-0.11,-1.68
178350272,-0.14,-0.11,-1.68
178352260,-0.14,-0.11,-1.68
178354212,-0.14,-0.11,-1.68
178356212,-0.14,-0.11,-1.68
178358244,-0.14,-0.11,-1.68
178360256,-0.20,-0.23,-1.82
178362228,-0.20,-0.23,-1.82
178364207,-0.20,-0.23,-1.82
178366329,-0.20,-0.23,-1.82
178368256,-0.20,-0.23,-1.82
178370204,-0.24,-0.31,-1.82
178372195,-0.24,-0.31,-1.82
178374268,-0.24,-0.31,-1.82
178376247,-0.24,-0.31,-1.82
178378248,-0.24,-0.31,-1.82
178380242,-0.25,-0.35,-1.79
178382246,-0.25,-0.35,-1.79
178384247,-0.25,-0.35,-1.79
178386248,-0.25,-0.35,-1.79
178388216,-0.25,-0.35,-1.79
178390366,-0.24,-0.39,-1.77
178392237,-0.24,-0.39,-1.77
178394202,-0.24,-0.39,-1.77
178396203,-0.24,-0.39,-1.77
178398215,-0.24,-0.39,-1.77
178400243,-0.19,-0.32,-1.61
178402229,-0.19,-0.32,-1.61
178404257,-0.19,-0.32,-1.61
178406203,-0.19,-0.32,-1.61
178408195,-0.19,-0.32,-1.61
178410195,-0.12,-0.23,-1.38
178412203,-0.12,-0.23,-1.38
178414297,-0.12,-0.23,-1.38
178416363,-0.12,-0.23,-1.38
178418248,-0.12,-0.23,-1.38
178420245,-0.06,-0.18,-1.17
178422247,-0.06,-0.18,-1.17
178424251,-0.06,-0.18,-1.17
178426248,-0.06,-0.18,-1.17
178428229,-0.06,-0.18,-1.17
178430212,0.00,-0.09,-0.98
178432211,0.00,-0.09,-0.98
178434205,0.00,-0.09,-0.98
178436203,0.00,-0.09,-0.98
178438205,0.00,-0.09,-0.98
178440280,0.00,-0.09,-0.98
178442225,0.07,0.03,-0.77
178444299,0.07,0.03,-0.77
178446233,0.07,0.03,-0.77
178448204,0.07,0.03,-0.77
178450204,0.07,0.03,-0.77
178452202,0.13,0.13,-0.61
178454258,0.13,0.13,-0.61
178456248,0.13,0.13,-0.61
178458256,0.13,0.13,-0.61
178460252,0.13,0.13,-0.61
178462255,0.19,0.21,-0.54
178464244,0.19,0.21,-0.54
178466316,0.19,0.21,-0.54
178468207,0.19,0.21,-0.54
178470253,0.19,0.21,-0.54
178472277,0.21,0.23,-0.54
178474228,0.21,0.23,-0.54
178476204,0.21,0.23,-0.54
178478194,0.21,0.23,-0.54
178480195,0.21,0.23,-0.54
178482212,0.20,0.23,-0.57
178484253,0.20,0.23,-0.57
178486206,0.20,0.23,-0.57
178488195,0.20,0.23,-0.57
178490194,0.20,0.23,-0.57
178492218,0.16,0.16,-0.66
178494270,0.16,0.16,-0.66
178496262,0.16,0.16,-0.66
178498275,0.16,0.16,-0.66
178500247,0.16,0.16,-0.66
178502247,0.12,0.02,-0.79
178504253,0.12,0.02,-0.79
178506311,0.12,0.02,-0.79
178508258,0.12,0.02,-0.79
178510248,0.12,0.02,-0.79
178512209,0.08,-0.06,-0.87
178514244,0.08,-0.06,-0.87
178516308,0.08,-0.06,-0.87
178518203,0.08,-0.06,-0.87
178520221,0.08,-0.06,-0.87
178522277,0.08,-0.06,-0.87
178524224,0.04,-0.14,-0.91
178526202,0.04,-0.14,-0.91
178528208,0.04,-0.14,-0.91
178530195,0.04,-0.14,-0.91
178532202,0.04,-0.14,-0.91
178534260,0.02,-0.22,-0.98
178536249,0.02,-0.22,-0.98
178538255,0.02,-0.22,-0.98
178540357,0.02,-0.22,-0.98
178542289,0.02,-0.22,-0.98
178544276,0.00,-0.25,-1.07
178546244,0.00,-0.25,-1.07
178548246,0.00,-0.25,-1.07
178550206,0.00,-0.25,-1.07
178552211,0.00,-0.25,-1.07
178554275,0.01,-0.27,-1.07
178556217,0.01,-0.27,-1.07
178558205,0.01,-0.27,-1.07
178560210,0.01,-0.27,-1.07
178562229,0.01,-0.27,-1.07
178564204,0.03,-0.25,-1.00
178566312,0.03,-0.25,-1.00
178568203,0.03,-0.25,-1.00
178570193,0.03,-0.25,-1.00
178572210,0.03,-0.25,-1.00
178574271,0.06,-0.21,-0.89
178576292,0.06,-0.21,-0.89
178578267,0.06,-0.21,-0.89
178580247,0.06,-0.21,-0.89
178582248,0.06,-0.21,-0.89
178584250,0.10,-0.15,-0.78
178586251,0.10,-0.15,-0.78
178588245,0.10,-0.15,-0.78
178590298,0.10,-0.15,-0.78
178592217,0.10,-0.15,-0.78
178594208,0.11,-0.15,-0.73
178596204,0.11,-0.15,-0.73
178598216,0.11,-0.15,-0.73
178600249,0.11,-0.15,-0.73
178602205,0.11,-0.15,-0.73
178604204,0.11,-0.15,-0.73
178606207,0.13,-0.13,-0.74
178608206,0.13,-0.13,-0.74
178610213,0.13,-0.13,-0.74
178612290,0.13,-0.13,-0.74
178614278,0.13,-0.13,-0.74
178616343,0.13,-0.14,-0.75
178618249,0.13,-0.14,-0.75
178620243,0.13,-0.14,-0.75
178622287,0.13,-0.14,-0.75
178624279,0.13,-0.14,-0.75
178626248,0.13,-0.17,-0.73
178628244,0.13,-0.17,-0.73
178630210,0.13,-0.17,-0.73
178632254,0.13,-0.17,-0.73
178634250,0.13,-0.17,-0.73
178636207,0.13,-0.17,-0.68
178638204,0.13,-0.17,-0.68
178640331,0.13,-0.17,-0.68
178642261,0.13,-0.17,-0.68
178644202,0.13,-0.17,-0.68
178646195,0.12,-0.17,-0.66
178648203,0.12,-0.17,-0.66
178650203,0.12,-0.17,-0.66
178652208,0.12,-0.17,-0.66
178654270,0.12,-0.17,-0.66
178656250,0.12,-0.16,-0.63
178658246,0.12,-0.16,-0.63
178660250,0.12,-0.16,-0.63
178662267,0.12,-0.16,-0.63
178664270,0.12,-0.16,-0.63
178666372,0.13,-0.16,-0.61
178668253,0.13,-0.16,-0.61
178670251,0.13,-0.16,-0.61
178672209,0.13,-0.16,-0.61
178674294,0.13,-0.16,-0.61
178676232,0.13,-0.17,-0.60
178678206,0.13,-0.17,-0.60
178680192,0.13,-0.17,-0.60
178682253,0.13,-0.17,-0.60
178684202,0.13,-0.17,-0.60
178686194,0.13,-0.15,-0.57
178688194,0.13,-0.15,-0.57
178690195,0.13,-0.15,-0.57
178692204,0.13,-0.15,-0.57
178694270,0.13,-0.15,-0.57
178696255,0.13,-0.15,-0.57
178698253,0.12,-0.16,-0.57
178700262,0.12,-0.16,-0.57
178702271,0.12,-0.16,-0.57
178704247,0.12,-0.16,-0.57
178706246,0.12,-0.16,-0.57
178708247,0.13,-0.18,-0.62
178710218,0.13,-0.18,-0.62
178712319,0.13,-0.18,-0.62
178714248,0.13,-0.18,-0.62
178716308,0.13,-0.18,-0.62
178718211,0.13,-0.21,-0.66
178720205,0.13,-0.21,-0.66
178722203,0.13,-0.21,-0.66
178724202,0.13,-0.21,-0.66
178726202,0.13,-0.21,-0.66
178728203,0.12,-0.25,-0.70
178730203,0.12,-0.25,-0.70
178732195,0.12,-0.25,-0.70
178734278,0.12,-0.25,-0.70
178736253,0.12,-0.25,-0.70
178738253,0.12,-0.29,-0.73
178740329,0.12,-0.29,-0.73
178742279,0.12,-0.29,-0.73
178744266,0.12,-0.29,-0.73
178746262,0.12,-0.29,-0.73
178748248,0.12,-0.30,-0.77
178750206,0.12,-0.30,-0.77
178752203,0.12,-0.30,-0.77
178754208,0.12,-0.30,-0.77
178756216,0.12,-0.30,-0.77
178758281,0.14,-0.31,-0.77
178760217,0.14,-0.31,-0.77
178762225,0.14,-0.31,-0.77
178764206,0.14,-0.31,-0.77
178766312,0.14,-0.31,-0.77
178768248,0.13,-0.35,-0.78
178770258,0.13,-0.35,-0.78
178772203,0.13,-0.35,-0.78
178774269,0.13,-0.35,-0.78
178776251,0.13,-0.35,-0.78
178778252,0.13,-0.35,-0.78
178780251,0.13,-0.38,-0.83
178782277,0.13,-0.38,-0.83
178784307,0.13,-0.38,-0.83
178786262,0.13,-0.38,-0.83
178788253,0.13,-0.38,-0.83
178790350,0.12,-0.37,-0.89
178792216,0.12,-0.37,-0.89
178794226,0.12,-0.37,-0.89
178796277,0.12,-0.37,-0.89
178798230,0.12,-0.37,-0.89
178800191,0.13,-0.37,-0.96
178802207,0.13,-0.37,-0.96
178804241,0.13,-0.37,-0.96
178806205,0.13,-0.37,-0.96
178808254,0.13,-0.37,-0.96
178810206,0.12,-0.39,-0.98
178812224,0.12,-0.39,-0.98
178814288,0.12,-0.39,-0.98
178816366,0.12,-0.39,-0.98
178818247,0.12,-0.39,-0.98
178820254,0.12,-0.39,-0.95
178822250,0.12,-0.39,-0.95
178824252,0.12,-0.39,-0.95
178826244,0.12,-0.39,-0.95
178828236,0.12,-0.39,-0.95
178830210,0.12,-0.40,-0.92
178832205,0.12,-0.40,-0.92
178834241,0.12,-0.40,-0.92
178836319,0.12,-0.40,-0.92
178838228,0.12,-0.40,-0.92
178840297,0.11,-0.37,-0.91
178842207,0.11,-0.37,-0.91
178844203,0.11,-0.37,-0.91
178846195,0.11,-0.37,-0.91
178848252,0.11,-0.37,-0.91
178850245,0.11,-0.34,-0.90
178852206,0.11,-0.34,-0.90
178854269,0.11,-0.34,-0.90
178856255,0.11,-0.34,-0.90
178858250,0.11,-0.34,-0.90
178860254,0.09,-0.32,-0.88
178862254,0.09,-0.32,-0.88
178864247,0.09,-0.32,-0.88
178866387,0.09,-0.32,-0.88
178868269,0.09,-0.32,-0.88
178870255,0.09,-0.32,-0.88
178872207,0.05,-0.29,-0.91
178874205,0.05,-0.29,-0.91
178876205,0.05,-0.29,-0.91
178878203,0.05,-0.29,-0.91
178880203,0.05,-0.29,-0.91
178882193,-0.00,-0.32,-1.07
178884204,-0.00,-0.32,-1.07
178886206,-0.00,-0.32,-1.07
178888206,-0.00,-0.32,-1.07
178890293,-0.00,-0.32,-1.07
178892211,-0.06,-0.40,-1.27
178894257,-0.06,-0.40,-1.27
178896253,-0.06,-0.40,-1.27
178898253,-0.06,-0.40,-1.27
178900245,-0.06,-0.40,-1.27
178902249,-0.13,-0.49,-1.35
178904249,-0.13,-0.49,-1.35
178906263,-0.13,-0.49,-1.35
178908219,-0.13,-0.49,-1.35
178910272,-0.13,-0.49,-1.35
178912252,-0.18,-0.61,-1.37
178914254,-0.18,-0.61,-1.37
178916314,-0.18,-0.61,-1.37
178918202,-0.18,-0.61,-1.37
178920206,-0.18,-0.61,-1.37
178922202,-0.20,-0.71,-1.40
178924268,-0.20,-0.71,-1.40
178926229,-0.20,-0.71,-1.40
178928207,-0.20,-0.71,-1.40
178930205,-0.20,-0.71,-1.40
178932195,-0.21,-0.69,-1.41
178934269,-0.21,-0.69,-1.41
178936249,-0.21,-0.69,-1.41
178938248,-0.21,-0.69,-1.41
178940365,-0.21,-0.69,-1.41
178942281,-0.17,-0.59,-1.31
178944253,-0.17,-0.59,-1.31
178946248,-0.17,-0.59,-1.31
178948245,-0.17,-0.59,-1.31
178950256,-0.17,-0.59,-1.31
178952270,-0.17,-0.59,-1.31
178954228,-0.13,-0.46,-1.13
178956205,-0.13,-0.46,-1.13
178958221,-0.13,-0.46,-1.13
178960206,-0.13,-0.46,-1.13
178962251,-0.13,-0.46,-1.13
178964256,-0.09,-0.35,-0.98
178966318,-0.09,-0.35,-0.98
178968205,-0.09,-0.35,-0.98
178970194,-0.09,-0.35,-0.98
178972194,-0.09,-0.35,-0.98
178974265,-0.05,-0.27,-0.92
178976248,-0.05,-0.27,-0.92
178978245,-0.05,-0.27,-0.92
178980246,-0.05,-0.27,-0.92
178982287,-0.05,-0.27,-0.92
178984270,-0.02,-0.18,-0.93
178986248,-0.02,-0.18,-0.93
178988244,-0.02,-0.18,-0.93
178990316,-0.02,-0.18,-0.93
178992259,-0.02,-0.18,-0.93
178994278,-0.00,-0.13,-0.98
178996213,-0.00,-0.13,-0.98
178998207,-0.00,-0.13,-0.98
179000202,-0.00,-0.13,-0.98
179002201,-0.00,-0.13,-0.98
179004206,-0.02,-0.15,-0.98
179006205,-0.02,-0.15,-0.98
179008231,-0.02,-0.15,-0.98
179010256,-0.02,-0.15,-0.98
179012206,-0.02,-0.15,-0.98
179014292,-0.04,-0.23,-1.02
179016363,-0.04,-0.23,-1.02
179018245,-0.04,-0.23,-1.02
179020245,-0.04,-0.23,-1.02
179022248,-0.04,-0.23,-1.02
179024246,-0.07,-0.29,-1.11
179026245,-0.07,-0.29,-1.11
179028202,-0.07,-0.29,-1.11
179030204,-0.07,-0.29,-1.11
179032203,-0.07,-0.29,-1.11
179034204,-0.07,-0.29,-1.11
179036272,-0.10,-0.32,-1.21
179038252,-0.10,-0.32,-1.21
179040299,-0.10,-0.32,-1.21
179042210,-0.10,-0.32,-1.21
179044204,-0.10,-0.32,-1.21
179046211,-0.12,-0.35,-1.21
179048211,-0.12,-0.35,-1.21
179050204,-0.12,-0.35,-1.21
179052203,-0.12,-0.35,-1.21
179054260,-0.12,-0.35,-1.21
179056248,-0.12,-0.39,-1.18
179058246,-0.12,-0.39,-1.18
179060250,-0.12,-0.39,-1.18
179062270,-0.12,-0.39,-1.18
179064299,-0.12,-0.39,-1.18
179066367,-0.13,-0.37,-1.12
179068245,-0.13,-0.37,-1.12
179070203,-0.13,-0.37,-1.12
179072202,-0.13,-0.37,-1.12
179074216,-0.13,-0.37,-1.12
179076282,-0.11,-0.31,-1.07
179078215,-0.11,-0.31,-1.07
179080204,-0.11,-0.31,-1.07
179082205,-0.11,-0.31,-1.07
179084205,-0.11,-0.31,-1.07
179086233,-0.07,-0.24,-0.99
179088256,-0.07,-0.24,-0.99
179090297,-0.07,-0.24,-0.99
179092210,-0.07,-0.24,-0.99
179094269,-0.07,-0.24,-0.99
179096254,-0.05,-0.18,-0.89
179098253,-0.05,-0.18,-0.89
179100246,-0.05,-0.18,-0.89
179102247,-0.05,-0.18,-0.89
179104247,-0.05,-0.18,-0.89
179106250,-0.04,-0.14,-0.83
179108271,-0.04,-0.14,-0.83
179110241,-0.04,-0.14,-0.83
179112245,-0.04,-0.14,-0.83
179114246,-0.04,-0.14,-0.83
179116310,-0.02,-0.12,-0.80
179118205,-0.02,-0.12,-0.80
179120203,-0.02,-0.12,-0.80
179122222,-0.02,-0.12,-0.80
179124256,-0.02,-0.12,-0.80
179126204,-0.02,-0.12,-0.80
179128203,-0.01,-0.11,-0.77
179130206,-0.01,-0.11,-0.77
179132204,-0.01,-0.11,-0.77
179134270,-0.01,-0.11,-0.77
179136248,-0.01,-0.11,-0.77
179138244,0.00,-0.09,-0.75
179140348,0.00,-0.09,-0.75
179142252,0.00,-0.09,-0.75
179144252,0.00,-0.09,-0.75
179146248,0.00,-0.09,-0.75
179148284,0.01,-0.09,-0.71
179150245,0.01,-0.09,-0.71
179152207,0.01,-0.09,-0.71
179154194,0.01,-0.09,-0.71
179156204,0.01,-0.09,-0.71
179158203,0.01,-0.09,-0.69
179160208,0.01,-0.09,-0.69
179162225,0.01,-0.09,-0.69
179164206,0.01,-0.09,-0.69
179166308,0.01,-0.09,-0.69
179168204,0.00,-0.08,-0.68
179170261,0.00,-0.08,-0.68
179172206,0.00,-0.08,-0.68
179174265,0.00,-0.08,-0.68
179176251,0.00,-0.08,-0.68
179178243,0.00,-0.07,-0.69
179180246,0.00,-0.07,-0.69
179182245,0.00,-0.07,-0.69
179184248,0.00,-0.07,-0.69
179186242,0.00,-0.07,-0.69
179188206,0.01,-0.05,-0.69
179190308,0.01,-0.05,-0.69
179192219,0.01,-0.05,-0.69
179194212,0.01,-0.05,-0.69
179196204,0.01,-0.05,-0.69
179198207,0.02,-0.03,-0.65
179200219,0.02,-0.03,-0.65
179202315,0.02,-0.03,-0.65
179204229,0.02,-0.03,-0.65
179206203,0.02,-0.03,-0.65
179208201,0.02,-0.03,-0.65
179210195,0.02,-0.02,-0.58
179212211,0.02,-0.02,-0.58
179214288,0.02,-0.02,-0.58
179216350,0.02,-0.02,-0.58
179218252,0.02,-0.02,-0.58
179220241,0.03,-0.01,-0.54
179222246,0.03,-0.01,-0.54
179224247,0.03,-0.01,-0.54
179226276,0.03,-0.01,-0.54
179228276,0.03,-0.01,-0.54
179230239,0.04,0.01,-0.56
179232207,0.04,0.01,-0.56
179234208,0.04,0.01,-0.56
179236205,0.04,0.01,-0.56
179238265,0.04,0.01,-0.56
179240347,0.05,-0.01,-0.55
179242215,0.05,-0.01,-0.55
179244203,0.05,-0.01,-0.55
179246254,0.05,-0.01,-0.55
179248203,0.05,-0.01,-0.55
179250195,0.03,0.00,-0.52
179252195,0.03,0.00,-0.52
179254269,0.03,0.00,-0.52
179256249,0.03,0.00,-0.52
179258247,0.03,0.00,-0.52
179260255,0.08,0.04,-0.55
179262300,0.08,0.04,-0.55
179264265,0.08,0.04,-0.55
179266345,0.08,0.04,-0.55
179268247,0.08,0.04,-0.55
179270245,0.05,-0.01,-0.60
179272210,0.05,-0.01,-0.60
179274204,0.05,-0.01,-0.60
179276206,0.05,-0.01,-0.60
179278205,0.05,-0.01,-0.60
179280205,0.05,-0.04,-0.71
179282207,0.05,-0.04,-0.71
179284205,0.05,-0.04,-0.71
179286217,0.05,-0.04,-0.71
179288327,0.05,-0.04,-0.71
179290333,0.05,-0.04,-0.71
179292212,0.05,-0.02,-0.80
179294262,0.05,-0.02,-0.80
179296252,0.05,-0.02,-0.80
179298276,0.05,-0.02,-0.80
179300263,0.05,-0.02,-0.80
179302247,0.04,-0.09,-0.88
179304252,0.04,-0.09,-0.88
179306269,0.04,-0.09,-0.88
179308261,0.04,-0.09,-0.88
179310245,0.04,-0.09,-0.88
179312208,0.04,-0.10,-0.91
179314236,0.04,-0.10,-0.91
179316328,0.04,-0.10,-0.91
179318252,0.04,-0.10,-0.91
179320204,0.04,-0.10,-0.91
179322204,0.04,-0.14,-0.96
179324204,0.04,-0.14,-0.96
179326206,0.04,-0.14,-0.96
179328203,0.04,-0.14,-0.96
179330206,0.04,-0.14,-0.96
179332202,0.03,-0.16,-1.05
179334260,0.03,-0.16,-1.05
179336249,0.03,-0.16,-1.05
179338244,0.03,-0.16,-1.05
179340335,0.03,-0.16,-1.05
179342266,0.03,-0.12,-1.16
179344271,0.03,-0.12,-1.16
179346266,0.03,-0.12,-1.16
179348245,0.03,-0.12,-1.16
179350204,0.03,-0.12,-1.16
179352204,0.04,-0.13,-1.18
179354211,0.04,-0.13,-1.18
179356204,0.04,-0.13,-1.18
179358205,0.04,-0.13,-1.18
179360207,0.04,-0.13,-1.18
179362228,0.04,-0.14,-1.14
179364271,0.04,-0.14,-1.14
179366330,0.04,-0.14,-1.14
179368211,0.04,-0.14,-1.14
179370208,0.04,-0.14,-1.14
179372269,0.04,-0.14,-1.14
179374282,0.04,-0.16,-1.15
179376279,0.04,-0.16,-1.15
179378252,0.04,-0.16,-1.15
179380247,0.04,-0.16,-1.15
179382276,0.04,-0.16,-1.15
179384281,0.04,-0.16,-1.21
179386253,0.04,-0.16,-1.21
179388248,0.04,-0.16,-1.21
179390359,0.04,-0.16,-1.21
179392282,0.04,-0.16,-1.21
179394235,0.04,-0.14,-1.22
179396208,0.04,-0.14,-1.22
179398210,0.04,-0.14,-1.22
179400216,0.04,-0.14,-1.22
179402259,0.04,-0.14,-1.22
179404208,0.04,-0.13,-1.23
179406205,0.04,-0.13,-1.23
179408205,0.04,-0.13,-1.23
179410210,0.04,-0.13,-1.23
179412209,0.04,-0.13,-1.23
179414292,0.03,-0.09,-1.24
179416364,0.03,-0.09,-1.24
179418278,0.03,-0.09,-1.24
179420254,0.03,-0.09,-1.24
179422248,0.03,-0.09,-1.24
179424251,0.02,-0.08,-1.26
179426298,0.02,-0.08,-1.26
179428267,0.02,-0.08,-1.26
179430248,0.02,-0.08,-1.26
179432247,0.02,-0.08,-1.26
179434222,0.00,-0.07,-1.30
179436277,0.00,-0.07,-1.30
179438230,0.00,-0.07,-1.30
179440306,0.00,-0.07,-1.30
179442241,0.00,-0.07,-1.30
179444256,-0.03,-0.09,-1.38
179446205,-0.03,-0.09,-1.38
179448207,-0.03,-0.09,-1.38
179450203,-0.03,-0.09,-1.38
179452205,-0.03,-0.09,-1.38
179454272,-0.07,-0.13,-1.49
179456252,-0.07,-0.13,-1.49
179458250,-0.07,-0.13,-1.49
179460254,-0.07,-0.13,-1.49
179462254,-0.07,-0.13,-1.49
179464250,-0.07,-0.13,-1.49
179466347,-0.12,-0.17,-1.56
179468204,-0.12,-0.17,-1.56
179470210,-0.12,-0.17,-1.56
179472212,-0.12,-0.17,-1.56
179474215,-0.12,-0.17,-1.56
179476215,-0.14,-0.20,-1.56
179478214,-0.14,-0.20,-1.56
179480207,-0.14,-0.20,-1.56
179482210,-0.14,-0.20,-1.56
179484212,-0.14,-0.20,-1.56
179486215,-0.16,-0.20,-1.51
179488211,-0.16,-0.20,-1.51
179490289,-0.16,-0.20,-1.51
179492367,-0.16,-0.20,-1.51
179494268,-0.16,-0.20,-1.51
179496252,-0.17,-0.20,-1.51
179498255,-0.17,-0.20,-1.51
179500252,-0.17,-0.20,-1.51
179502270,-0.17,-0.20,-1.51
179504270,-0.17,-0.20,-1.51
179506252,-0.18,-0.22,-1.50
179508243,-0.18,-0.22,-1.50
179510216,-0.18,-0.22,-1.50
179512209,-0.18,-0.22,-1.50
179514245,-0.18,-0.22,-1.50
179516315,-0.15,-0.20,-1.39
179518213,-0.15,-0.20,-1.39
179520241,-0.15,-0.20,-1.39
179522281,-0.15,-0.20,-1.39
179524255,-0.15,-0.20,-1.39
179526207,-0.10,-0.16,-1.21
179528215,-0.10,-0.16,-1.21
179530211,-0.10,-0.16,-1.21
179532211,-0.10,-0.16,-1.21
179534287,-0.10,-0.16,-1.21
179536275,-0.05,-0.09,-1.07
179538253,-0.05,-0.09,-1.07
179540351,-0.05,-0.09,-1.07
179542253,-0.05,-0.09,-1.07
179544249,-0.05,-0.09,-1.07
179546277,-0.05,-0.09,-1.07
179548336,-0.00,-0.03,-0.99
179550269,-0.00,-0.03,-0.99
179552247,-0.00,-0.03,-0.99
179554209,-0.00,-0.03,-0.99
179556215,-0.00,-0.03,-0.99
179558265,0.04,0.04,-0.89
179560256,0.04,0.04,-0.89
179562225,0.04,0.04,-0.89
179564208,0.04,0.04,-0.89
179566314,0.04,0.04,-0.89
179568213,0.07,0.13,-0.77
179570215,0.07,0.13,-0.77
179572254,0.07,0.13,-0.77
179574279,0.07,0.13,-0.77
179576258,0.07,0.13,-0.77
179578251,0.11,0.21,-0.71
179580253,0.11,0.21,-0.71
179582266,0.11,0.21,-0.71
179584268,0.11,0.21,-0.71
179586255,0.11,0.21,-0.71
179588247,0.14,0.24,-0.67
179590340,0.14,0.24,-0.67
179592293,0.14,0.24,-0.67
179594234,0.14,0.24,-0.67
179596212,0.14,0.24,-0.67
179598207,0.14,0.23,-0.64
179600218,0.14,0.23,-0.64
179602258,0.14,0.23,-0.64
179604213,0.14,0.23,-0.64
179606206,0.14,0.23,-0.64
179608206,0.13,0.17,-0.63
179610206,0.13,0.17,-0.63
179612213,0.13,0.17,-0.63
179614292,0.13,0.17,-0.63
179616364,0.13,0.17,-0.63
179618251,0.09,0.08,-0.67
179620250,0.09,0.08,-0.67
179622254,0.09,0.08,-0.67
179624275,0.09,0.08,-0.67
179626248,0.09,0.08,-0.67
179628248,0.09,0.08,-0.67
179630268,0.05,-0.04,-0.78
179632260,0.05,-0.04,-0.78
179634227,0.05,-0.04,-0.78
179636206,0.05,-0.04,-0.78
179638206,0.05,-0.04,-0.78
179640298,0.02,-0.11,-0.89
179642221,0.02,-0.11,-0.89
179644206,0.02,-0.11,-0.89
179646206,0.02,-0.11,-0.89
179648203,0.02,-0.11,-0.89
179650205,-0.00,-0.21,-0.94
179652207,-0.00,-0.21,-0.94
179654256,-0.00,-0.21,-0.94
179656252,-0.00,-0.21,-0.94
179658249,-0.00,-0.21,-0.94
179660251,-0.02,-0.30,-0.95
179662251,-0.02,-0.30,-0.95
179664355,-0.02,-0.30,-0.95
179666365,-0.02,-0.30,-0.95
179668249,-0.02,-0.30,-0.95
179670215,-0.02,-0.32,-0.98
179672240,-0.02,-0.32,-0.98
179674283,-0.02,-0.32,-0.98
179676231,-0.02,-0.32,-0.98
179678212,-0.02,-0.32,-0.98
179680220,-0.00,-0.33,-0.98
179682252,-0.00,-0.33,-0.98
179684208,-0.00,-0.33,-0.98
179686205,-0.00,-0.33,-0.98
179688210,-0.00,-0.33,-0.98
179690301,0.02,-0.26,-0.91
179692212,0.02,-0.26,-0.91
179694273,0.02,-0.26,-0.91
179696253,0.02,-0.26,-0.91
179698251,0.02,-0.26,-0.91
179700263,0.06,-0.19,-0.79
179702368,0.06,-0.19,-0.79
179704269,0.06,-0.19,-0.79
179706252,0.06,-0.19,-0.79
179708251,0.06,-0.19,-0.79
179710251,0.07,-0.18,-0.71
179712274,0.07,-0.18,-0.71
179714247,0.07,-0.18,-0.71
179716314,0.07,-0.18,-0.71
179718210,0.07,-0.18,-0.71
179720208,0.07,-0.18,-0.71
179722255,0.09,-0.14,-0.73
179724221,0.09,-0.14,-0.73
179726244,0.09,-0.14,-0.73
179728211,0.09,-0.14,-0.73
179730211,0.09,-0.14,-0.73
179732211,0.10,-0.12,-0.76
179734266,0.10,-0.12,-0.76
179736253,0.10,-0.12,-0.76
179738253,0.10,-0.12,-0.76
179740351,0.10,-0.12,-0.76
179742251,0.10,-0.14,-0.74
179744249,0.10,-0.14,-0.74
179746248,0.10,-0.14,-0.74
179748212,0.10,-0.14,-0.74
179750218,0.10,-0.14,-0.74
179752216,0.10,-0.14,-0.67
179754220,0.10,-0.14,-0.67
179756288,0.10,-0.14,-0.67
179758234,0.10,-0.14,-0.67
179760208,0.10,-0.14,-0.67
179762219,0.10,-0.17,-0.61
179764213,0.10,-0.17,-0.61
179766326,0.10,-0.17,-0.61
179768220,0.10,-0.17,-0.61
179770256,0.10,-0.17,-0.61
179772206,0.10,-0.17,-0.60
179774268,0.10,-0.17,-0.60
179776274,0.10,-0.17,-0.60
179778253,0.10,-0.17,-0.60
179780242,0.10,-0.17,-0.60
179782247,0.09,-0.17,-0.59
179784246,0.09,-0.17,-0.59
179786247,0.09,-0.17,-0.59
179788232,0.09,-0.17,-0.59
179790195,0.09,-0.17,-0.59
179792219,0.09,-0.17,-0.57
179794206,0.09,-0.17,-0.57
179796206,0.09,-0.17,-0.57
179798206,0.09,-0.17,-0.57
179800205,0.09,-0.17,-0.57
179802205,0.09,-0.17,-0.57
179804206,0.09,-0.16,-0.57
179806206,0.09,-0.16,-0.57
179808205,0.09,-0.16,-0.57
179810220,0.09,-0.16,-0.57
179812290,0.09,-0.16,-0.57
179814279,0.08,-0.18,-0.59
179816363,0.08,-0.18,-0.59
179818250,0.08,-0.18,-0.59
179820246,0.08,-0.18,-0.59
179822248,0.08,-0.18,-0.59
179824244,0.07,-0.20,-0.61
179826251,0.07,-0.20,-0.61
179828210,0.07,-0.20,-0.61
179830218,0.07,-0.20,-0.61
179832251,0.07,-0.20,-0.61
179834205,0.07,-0.21,-0.64
179836215,0.07,-0.21,-0.64
179838300,0.07,-0.21,-0.64
179840328,0.07,-0.21,-0.64
179842214,0.07,-0.21,-0.64
179844203,0.07,-0.24,-0.66
179846202,0.07,-0.24,-0.66
179848195,0.07,-0.24,-0.66
179850211,0.07,-0.24,-0.66
179852251,0.07,-0.24,-0.66
179854264,0.06,-0.27,-0.68
179856250,0.06,-0.27,-0.68
179858246,0.06,-0.27,-0.68
179860250,0.06,-0.27,-0.68
179862253,0.06,-0.27,-0.68
179864319,0.07,-0.31,-0.73
179866365,0.07,-0.31,-0.73
179868245,0.07,-0.31,-0.73
179870245,0.07,-0.31,-0.73
179872214,0.07,-0.31,-0.73
179874279,0.06,-0.34,-0.79
179876222,0.06,-0.34,-0.79
179878204,0.06,-0.34,-0.79
179880203,0.06,-0.34,-0.79
179882253,0.06,-0.34,-0.79
179884204,0.06,-0.34,-0.79
179886204,0.06,-0.34,-0.84
179888203,0.06,-0.34,-0.84
179890300,0.06,-0.34,-0.84
179892207,0.06,-0.34,-0.84
179894271,0.06,-0.34,-0.84
179896249,0.05,-0.36,-0.88
179898245,0.05,-0.36,-0.88
179900246,0.05,-0.36,-0.88
179902244,0.05,-0.36,-0.88
179904246,0.05,-0.36,-0.88
179906243,0.04,-0.39,-0.94
179908237,0.04,-0.39,-0.94
179910280,0.04,-0.39,-0.94
179912234,0.04,-0.39,-0.94
179914247,0.04,-0.39,-0.94
179916314,0.05,-0.39,-1.00
179918206,0.05,-0.39,-1.00
179920205,0.05,-0.39,-1.00
179922209,0.05,-0.39,-1.00
179924206,0.05,-0.39,-1.00
179926207,0.04,-0.43,-1.06
179928192,0.04,-0.43,-1.06
179930252,0.04,-0.43,-1.06
179932242,0.04,-0.43,-1.06
179934263,0.04,-0.43,-1.06
179936248,0.05,-0.47,-1.07
179938246,0.05,-0.47,-1.07
179940335,0.05,-0.47,-1.07
179942269,0.05,-0.47,-1.07
179944343,0.05,-0.47,-1.07
179946262,0.05,-0.49,-1.04
179948244,0.05,-0.49,-1.04
179950206,0.05,-0.49,-1.04
179952205,0.05,-0.49,-1.04
179954205,0.05,-0.49,-1.04
179956206,0.05,-0.52,-1.02
179958254,0.05,-0.52,-1.02
179960273,0.05,-0.52,-1.02
179962240,0.05,-0.52,-1.02
179964205,0.05,-0.52,-1.02
179966316,0.06,-0.49,-1.05
179968257,0.06,-0.49,-1.05
179970206,0.06,-0.49,-1.05
179972205,0.06,-0.49,-1.05
179974264,0.06,-0.49,-1.05
179976252,0.06,-0.49,-1.05
179978245,0.06,-0.43,-1.12
179980266,0.06,-0.43,-1.12
179982273,0.06,-0.43,-1.12
179984254,0.06,-0.43,-1.12
179986247,0.06,-0.43,-1.12
179988249,0.04,-0.36,-1.20
179990367,0.04,-0.36,-1.20
179992248,0.04,-0.36,-1.20
179994203,0.04,-0.36,-1.20
179996202,0.04,-0.36,-1.20
179998206,0.01,-0.34,-1.28
180000263,0.01,-0.34,-1.28
180002234,0.01,-0.34,-1.28
180004204,0.01,-0.34,-1.28
180006204,0.01,-0.34,-1.28
180008205,-0.03,-0.33,-1.34
180010202,-0.03,-0.33,-1.34
180012204,-0.03,-0.33,-1.34
180014289,-0.03,-0.33,-1.34
180016366,-0.03,-0.33,-1.34
180018247,-0.09,-0.38,-1.42
180020245,-0.09,-0.38,-1.42
180022284,-0.09,-0.38,-1.42
180024275,-0.09,-0.38,-1.42
180026249,-0.09,-0.38,-1.42
180028247,-0.13,-0.45,-1.50
180030244,-0.13,-0.45,-1.50
180032237,-0.13,-0.45,-1.50
180034249,-0.13,-0.45,-1.50
180036314,-0.13,-0.45,-1.50
180038234,-0.18,-0.49,-1.53
180040310,-0.18,-0.49,-1.53
180042215,-0.18,-0.49,-1.53
180044227,-0.18,-0.49,-1.53
180046256,-0.18,-0.49,-1.53
180048205,-0.21,-0.54,-1.53
180050206,-0.21,-0.54,-1.53
180052204,-0.21,-0.54,-1.53
180054262,-0.21,-0.54,-1.53
180056249,-0.21,-0.54,-1.53
180058247,-0.21,-0.54,-1.53
180060247,-0.21,-0.54,-1.47
180062253,-0.21,-0.54,-1.47
180064277,-0.21,-0.54,-1.47
180066375,-0.21,-0.54,-1.47
180068254,-0.21,-0.54,-1.47
180070244,-0.19,-0.45,-1.37
180072209,-0.19,-0.45,-1.37
180074205,-0.19,-0.45,-1.37
180076284,-0.19,-0.45,-1.37
180078237,-0.19,-0.45,-1.37
180080203,-0.15,-0.35,-1.24
180082202,-0.15,-0.35,-1.24
180084195,-0.15,-0.35,-1.24
180086202,-0.15,-0.35,-1.24
180088203,-0.15,-0.35,-1.24
180090298,-0.11,-0.26,-1.05
180092216,-0.11,-0.26,-1.05
180094257,-0.11,-0.26,-1.05
180096247,-0.11,-0.26,-1.05
180098246,-0.11,-0.26,-1.05
180100250,-0.07,-0.20,-0.91
180102251,-0.07,-0.20,-0.91
180104247,-0.07,-0.20,-0.91
180106207,-0.07,-0.20,-0.91
180108202,-0.07,-0.20,-0.91
180110205,-0.04,-0.14,-0.82
180112206,-0.04,-0.14,-0.82
180114244,-0.04,-0.14,-0.82
180116298,-0.04,-0.14,-0.82
180118244,-0.04,-0.14,-0.82
180120280,-0.02,-0.09,-0.81
180122230,-0.02,-0.09,-0.81
180124201,-0.02,-0.09,-0.81
180126204,-0.02,-0.09,-0.81
180128203,-0.02,-0.09,-0.81
180130203,-0.01,-0.06,-0.82
180132202,-0.01,-0.06,-0.82
180134259,-0.01,-0.06,-0.82
180136277,-0.01,-0.06,-0.82
180138268,-0.01,-0.06,-0.82
180140358,-0.02,-0.10,-0.82
180142253,-0.02,-0.10,-0.82
180144249,-0.02,-0.10,-0.82
180146246,-0.02,-0.10,-0.82
180148248,-0.02,-0.10,-0.82
180150206,-0.02,-0.10,-0.82
180152205,-0.05,-0.21,-0.84
180154216,-0.05,-0.21,-0.84
180156318,-0.05,-0.21,-0.84
180158230,-0.05,-0.21,-0.84
180160214,-0.05,-0.21,-0.84
180162224,-0.08,-0.26,-0.93
180164203,-0.08,-0.26,-0.93
180166310,-0.08,-0.26,-0.93
180168205,-0.08,-0.26,-0.93
180170211,-0.08,-0.26,-0.93
180172255,-0.10,-0.27,-1.02
180174263,-0.10,-0.27,-1.02
180176255,-0.10,-0.27,-1.02
180178245,-0.10,-0.27,-1.02
180180266,-0.10,-0.27,-1.02
180182279,-0.12,-0.30,-1.06
180184266,-0.12,-0.30,-1.06
180186249,-0.12,-0.30,-1.06
180188246,-0.12,-0.30,-1.06
180190317,-0.12,-0.30,-1.06
180192212,-0.13,-0.34,-1.05
180194204,-0.13,-0.34,-1.05
180196210,-0.13,-0.34,-1.05
180198209,-0.13,-0.34,-1.05
180200279,-0.13,-0.34,-1.05
180202218,-0.13,-0.34,-1.04
180204204,-0.13,-0.34,-1.04
180206206,-0.13,-0.34,-1.04
180208265,-0.13,-0.34,-1.04
180210229,-0.13,-0.34,-1.04
180212206,-0.13,-0.32,-1.04
180214295,-0.13,-0.32,-1.04
180216367,-0.13,-0.32,-1.04
180218249,-0.13,-0.32,-1.04
180220249,-0.13,-0.32,-1.04
180222244,-0.11,-0.25,-1.04
180224246,-0.11,-0.25,-1.04
180226243,-0.11,-0.25,-1.04
180228211,-0.11,-0.25,-1.04
180230203,-0.11,-0.25,-1.04
180232204,-0.11,-0.25,-1.04
180234204,-0.07,-0.18,-0.98
180236216,-0.07,-0.18,-0.98
180238247,-0.07,-0.18,-0.98
180240289,-0.07,-0.18,-0.98
180242216,-0.07,-0.18,-0.98
180244288,-0.05,-0.17,-0.88
180246227,-0.05,-0.17,-0.88
180248203,-0.05,-0.17,-0.88
180250203,-0.05,-0.17,-0.88
180252202,-0.05,-0.17,-0.88
180254256,-0.02,-0.17,-0.75
180256246,-0.02,-0.17,-0.75
180258267,-0.02,-0.17,-0.75
180260272,-0.02,-0.17,-0.75
180262269,-0.02,-0.17,-0.75
180264247,-0.01,-0.15,-0.71
180266359,-0.01,-0.15,-0.71
180268254,-0.01,-0.15,-0.71
180270324,-0.01,-0.15,-0.71
180272229,-0.01,-0.15,-0.71
180274204,-0.00,-0.14,-0.73
180276194,-0.00,-0.14,-0.73
180278214,-0.00,-0.14,-0.73
180280249,-0.00,-0.14,-0.73
180282203,-0.00,-0.14,-0.73
180284206,0.00,-0.11,-0.73
180286204,0.00,-0.11,-0.73
180288209,0.00,-0.11,-0.73
180290320,0.00,-0.11,-0.73
180292209,0.00,-0.11,-0.73
180294274,0.00,-0.11,-0.70
180296250,0.00,-0.11,-0.70
180298247,0.00,-0.11,-0.70
180300266,0.00,-0.11,-0.70
180302278,0.00,-0.11,-0.70
180304260,0.00,-0.08,-0.66
180306247,0.00,-0.08,-0.66
180308247,0.00,-0.08,-0.66
180310247,0.00,-0.08,-0.66
180312258,0.00,-0.08,-0.66
180314240,0.00,-0.08,-0.66
180316313,0.00,-0.04,-0.66
180318203,0.00,-0.04,-0.66
180320264,0.00,-0.04,-0.66
180322229,0.00,-0.04,-0.66
180324204,0.00,-0.04,-0.66
180326205,0.01,-0.01,-0.71
180328195,0.01,-0.01,-0.71
180330202,0.01,-0.01,-0.71
180332201,0.01,-0.01,-0.71
180334268,0.01,-0.01,-0.71
180336252,0.02,-0.00,-0.73
180338259,0.02,-0.00,-0.73
180340369,0.02,-0.00,-0.73
180342292,0.02,-0.00,-0.73
180344274,0.02,-0.00,-0.73
180346248,0.01,0.00,-0.69
180348248,0.01,0.00,-0.69
180350236,0.01,0.00,-0.69
180352207,0.01,0.00,-0.69
180354194,0.01,0.00,-0.69
180356215,0.01,-0.03,-0.66
180358210,0.01,-0.03,-0.66
180360210,0.01,-0.03,-0.66
180362275,0.01,-0.03,-0.66
180364248,0.01,-0.03,-0.66
180366315,0.02,-0.02,-0.69
180368202,0.02,-0.02,-0.69
180370210,0.02,-0.02,-0.69
180372203,0.02,-0.02,-0.69
180374260,0.02,-0.02,-0.69
180376246,0.02,0.00,-0.72
180378318,0.02,0.00,-0.72
180380259,0.02,0.00,-0.72
180382246,0.02,0.00,-0.72
180384248,0.02,0.00,-0.72
180386247,0.03,0.00,-0.71
180388243,0.03,0.00,-0.71
180390300,0.03,0.00,-0.71
180392213,0.03,0.00,-0.71
180394204,0.03,0.00,-0.71
180396204,0.03,0.00,-0.71
180398203,0.04,-0.00,-0.68
180400206,0.04,-0.00,-0.68
180402207,0.04,-0.00,-0.68
180404205,0.04,-0.00,-0.68
180406207,0.04,-0.00,-0.68
180408204,0.04,-0.02,-0.69
180410203,0.04,-0.02,-0.69
180412206,0.04,-0.02,-0.69
180414270,0.04,-0.02,-0.69
180416334,0.04,-0.02,-0.69
180418249,0.04,-0.01,-0.76
180420250,0.04,-0.01,-0.76
180422265,0.04,-0.01,-0.76
180424369,0.04,-0.01,-0.76
180426266,0.04,-0.01,-0.76
180428246,0.03,-0.02,-0.83
180430211,0.03,-0.02,-0.83
180432204,0.03,-0.02,-0.83
180434205,0.03,-0.02,-0.83
180436204,0.03,-0.02,-0.83
180438203,0.02,-0.01,-0.86
180440299,0.02,-0.01,-0.86
180442274,0.02,-0.01,-0.86
180444223,0.02,-0.01,-0.86
180446203,0.02,-0.01,-0.86
180448242,0.01,-0.00,-0.91
180450275,0.01,-0.00,-0.91
180452221,0.01,-0.00,-0.91
180454262,0.01,-0.00,-0.91
180456246,0.01,-0.00,-0.91
180458251,0.00,-0.04,-0.96
180460250,0.00,-0.04,-0.96
180462253,0.00,-0.04,-0.96
180464244,0.00,-0.04,-0.96
180466313,0.00,-0.04,-0.96
180468269,-0.00,-0.05,-1.02
180470250,-0.00,-0.05,-1.02
180472207,-0.00,-0.05,-1.02
180474194,-0.00,-0.05,-1.02
180476195,-0.00,-0.05,-1.02
180478195,-0.02,-0.09,-1.09
180480254,-0.02,-0.09,-1.09
180482247,-0.02,-0.09,-1.09
180484208,-0.02,-0.09,-1.09
180486212,-0.02,-0.09,-1.09
180488203,-0.02,-0.09,-1.09
180490195,-0.02,-0.11,-1.16
180492214,-0.02,-0.11,-1.16
180494270,-0.02,-0.11,-1.16
180496251,-0.02,-0.11,-1.16
180498250,-0.02,-0.11,-1.16
180500246,-0.03,-0.12,-1.20
180502252,-0.03,-0.12,-1.20
180504314,-0.03,-0.12,-1.20
180506264,-0.03,-0.12,-1.20
180508246,-0.03,-0.12,-1.20
180510211,-0.03,-0.13,-1.21
180512206,-0.03,-0.13,-1.21
180514240,-0.03,-0.13,-1.21
180516311,-0.03,-0.13,-1.21
180518202,-0.03,-0.13,-1.21
180520203,-0.02,-0.05,-1.22
180522203,-0.02,-0.05,-1.22
180524193,-0.02,-0.05,-1.22
180526236,-0.02,-0.05,-1.22
180528288,-0.02,-0.05,-1.22
180530229,-0.02,-0.01,-1.22
180532195,-0.02,-0.01,-1.22
180534261,-0.02,-0.01,-1.22
180536249,-0.02,-0.01,-1.22
180538254,-0.02,-0.01,-1.22
180540348,-0.01,0.00,-1.17
180542248,-0.01,0.00,-1.17
180544267,-0.01,0.00,-1.17
180546266,-0.01,0.00,-1.17
180548206,-0.01,0.00,-1.17
180550205,-0.02,0.03,-1.13
180552217,-0.02,0.03,-1.13
180554205,-0.02,0.03,-1.13
180556205,-0.02,0.03,-1.13
180558203,-0.02,0.03,-1.13
180560208,-0.05,0.03,-1.22
180562229,-0.05,0.03,-1.22
180564210,-0.05,0.03,-1.22
180566296,-0.05,0.03,-1.22
180568206,-0.05,0.03,-1.22
180570204,-0.05,0.03,-1.22
180572204,-0.09,0.00,-1.33
180574254,-0.09,0.00,-1.33
180576251,-0.09,0.00,-1.33
180578329,-0.09,0.00,-1.33
180580270,-0.09,0.00,-1.33
180582248,-0.12,-0.03,-1.39
180584249,-0.12,-0.03,-1.39
180586247,-0.12,-0.03,-1.39
180588242,-0.12,-0.03,-1.39
180590316,-0.12,-0.03,-1.39
180592283,-0.16,-0.08,-1.46
180594228,-0.16,-0.08,-1.46
180596205,-0.16,-0.08,-1.46
180598204,-0.16,-0.08,-1.46
180600204,-0.16,-0.08,-1.46
180602277,-0.21,-0.14,-1.50
180604216,-0.21,-0.14,-1.50
180606206,-0.21,-0.14,-1.50
180608203,-0.21,-0.14,-1.50
180610210,-0.21,-0.14,-1.50
180612207,-0.23,-0.21,-1.52
180614288,-0.23,-0.21,-1.52
180616364,-0.23,-0.21,-1.52
180618263,-0.23,-0.21,-1.52
180620253,-0.23,-0.21,-1.52
180622243,-0.23,-0.27,-1.51
180624244,-0.23,-0.27,-1.51
180626243,-0.23,-0.27,-1.51
180628244,-0.23,-0.27,-1.51
180630325,-0.23,-0.27,-1.51
180632230,-0.21,-0.26,-1.41
180634203,-0.21,-0.26,-1.41
180636203,-0.21,-0.26,-1.41
180638202,-0.21,-0.26,-1.41
180640296,-0.21,-0.26,-1.41
180642228,-0.16,-0.18,-1.29
180644253,-0.16,-0.18,-1.29
180646205,-0.16,-0.18,-1.29
180648203,-0.16,-0.18,-1.29
180650192,-0.16,-0.18,-1.29
180652203,-0.16,-0.18,-1.29
180654268,-0.11,-0.08,-1.18
180656248,-0.11,-0.08,-1.18
180658247,-0.11,-0.08,-1.18
180660247,-0.11,-0.08,-1.18
180662252,-0.11,-0.08,-1.18
180664300,-0.05,-0.05,-1.03
180666370,-0.05,-0.05,-1.03
180668245,-0.05,-0.05,-1.03
180670246,-0.05,-0.05,-1.03
180672218,-0.05,-0.05,-1.03
180674282,-0.01,-0.00,-0.89
180676221,-0.01,-0.00,-0.89
180678203,-0.01,-0.00,-0.89
180680205,-0.01,-0.00,-0.89
180682204,-0.01,-0.00,-0.89
180684207,0.04,0.08,-0.79
180686203,0.04,0.08,-0.79
180688203,0.04,0.08,-0.79
180690297,0.04,0.08,-0.79
180692211,0.04,0.08,-0.79
180694258,0.07,0.13,-0.77
180696244,0.07,0.13,-0.77
180698242,0.07,0.13,-0.77
180700247,0.07,0.13,-0.77
180702263,0.07,0.13,-0.77
180704311,0.09,0.12,-0.73
180706265,0.09,0.12,-0.73
180708247,0.09,0.12,-0.73
180710206,0.09,0.12,-0.73
180712206,0.09,0.12,-0.73
180714242,0.09,0.10,-0.68
180716312,0.09,0.10,-0.68
180718238,0.09,0.10,-0.68
180720275,0.09,0.10,-0.68
180722226,0.09,0.10,-0.68
180724195,0.05,-0.00,-0.71
180726193,0.05,-0.00,-0.71
180728194,0.05,-0.00,-0.71
180730194,0.05,-0.00,-0.71
180732202,0.05,-0.00,-0.71
180734256,0.02,-0.12,-0.85
180736246,0.02,-0.12,-0.85
180738242,0.02,-0.12,-0.85
180740346,0.02,-0.12,-0.85
180742250,0.02,-0.12,-0.85
180744246,0.02,-0.12,-0.85
180746203,0.00,-0.17,-0.97
180748211,0.00,-0.17,-0.97
180750216,0.00,-0.17,-0.97
180752205,0.00,-0.17,-0.97
180754219,0.00,-0.17,-0.97
180756293,-0.01,-0.24,-0.97
180758230,-0.01,-0.24,-0.97
180760204,-0.01,-0.24,-0.97
180762225,-0.01,-0.24,-0.97
180764207,-0.01,-0.24,-0.97
180766313,-0.02,-0.28,-0.93
180768203,-0.02,-0.28,-0.93
180770237,-0.02,-0.28,-0.93
180772254,-0.02,-0.28,-0.93
180774263,-0.02,-0.28,-0.93
180776255,-0.02,-0.30,-0.93
180778247,-0.02,-0.30,-0.93
180780245,-0.02,-0.30,-0.93
180782249,-0.02,-0.30,-0.93
180784279,-0.02,-0.30,-0.93
180786265,0.00,-0.28,-0.95
180788250,0.00,-0.28,-0.95
180790353,0.00,-0.28,-0.95
180792211,0.00,-0.28,-0.95
180794268,0.00,-0.28,-0.95
180796245,0.02,-0.22,-0.92
180798205,0.02,-0.22,-0.92
180800205,0.02,-0.22,-0.92
180802203,0.02,-0.22,-0.92
180804203,0.02,-0.22,-0.92
180806202,0.03,-0.18,-0.87
180808202,0.03,-0.18,-0.87
180810211,0.03,-0.18,-0.87
180812231,0.03,-0.18,-0.87
180814303,0.03,-0.18,-0.87
180816442,0.04,-0.18,-0.82
180818264,0.04,-0.18,-0.82
180820247,0.04,-0.18,-0.82
180822249,0.04,-0.18,-0.82
180824246,0.04,-0.18,-0.82
180826245,0.04,-0.18,-0.82
180828245,0.04,-0.19,-0.82
180830203,0.04,-0.19,-0.82
180832204,0.04,-0.19,-0.82
180834203,0.04,-0.19,-0.82
180836203,0.04,-0.19,-0.82
180838202,0.03,-0.19,-0.86
180840288,0.03,-0.19,-0.86
180842207,0.03,-0.19,-0.86
180844211,0.03,-0.19,-0.86
180846204,0.03,-0.19,-0.86
180848207,0.04,-0.20,-0.88
180850204,0.04,-0.20,-0.88
180852245,0.04,-0.20,-0.88
180854255,0.04,-0.20,-0.88
180856246,0.04,-0.20,-0.88
180858244,0.04,-0.22,-0.80
180860252,0.04,-0.22,-0.80
180862254,0.04,-0.22,-0.80
180864248,0.04,-0.22,-0.80
180866301,0.04,-0.22,-0.80
180868274,0.05,-0.23,-0.71
180870247,0.05,-0.23,-0.71
180872206,0.05,-0.23,-0.71
180874203,0.05,-0.23,-0.71
180876203,0.05,-0.23,-0.71
180878202,0.05,-0.25,-0.66
180880208,0.05,-0.25,-0.66
180882204,0.05,-0.25,-0.66
180884217,0.05,-0.25,-0.66
180886255,0.05,-0.25,-0.66
180888203,0.05,-0.23,-0.63
180890295,0.05,-0.23,-0.63
180892215,0.05,-0.23,-0.63
180894269,0.05,-0.23,-0.63
180896250,0.05,-0.23,-0.63
180898245,0.07,-0.20,-0.61
180900254,0.07,-0.20,-0.61
180902319,0.07,-0.20,-0.61
180904258,0.07,-0.20,-0.61
180906246,0.07,-0.20,-0.61
180908244,0.09,-0.18,-0.60
180910206,0.09,-0.18,-0.60
180912343,0.09,-0.18,-0.60
180914253,0.09,-0.18,-0.60
180916312,0.09,-0.18,-0.60
180918206,0.09,-0.18,-0.60
180920214,0.09,-0.18,-0.57
180922252,0.09,-0.18,-0.57
180924205,0.09,-0.18,-0.57
180926203,0.09,-0.18,-0.57
180928205,0.09,-0.18,-0.57
180930195,0.10,-0.18,-0.52
180932194,0.10,-0.18,-0.52
180934266,0.10,-0.18,-0.52
180936247,0.10,-0.18,-0.52
180938244,0.10,-0.18,-0.52
180940356,0.10,-0.19,-0.50
180942293,0.10,-0.19,-0.50
180944271,0.10,-0.19,-0.50
180946245,0.10,-0.19,-0.50
180948243,0.10,-0.19,-0.50
180950234,0.10,-0.21,-0.55
180952211,0.10,-0.21,-0.55
180954205,0.10,-0.21,-0.55
180956227,0.10,-0.21,-0.55
180958246,0.10,-0.21,-0.55
180960208,0.10,-0.24,-0.60
180962226,0.10,-0.24,-0.60
180964282,0.10,-0.24,-0.60
180966335,0.10,-0.24,-0.60
180968204,0.10,-0.24,-0.60
180970192,0.10,-0.27,-0.65
180972211,0.10,-0.27,-0.65
180974285,0.10,-0.27,-0.65
180976270,0.10,-0.27,-0.65
180978248,0.10,-0.27,-0.65
180980246,0.10,-0.31,-0.64
180982246,0.10,-0.31,-0.64
180984248,0.10,-0.31,-0.64
180986247,0.10,-0.31,-0.64
180988230,0.10,-0.31,-0.64
180990303,0.10,-0.36,-0.64
180992211,0.10,-0.36,-0.64
180994204,0.10,-0.36,-0.64
180996202,0.10,-0.36,-0.64
180998204,0.10,-0.36,-0.64
181000341,0.10,-0.36,-0.64
181002235,0.10,-0.41,-0.67
181004203,0.10,-0.41,-0.67
181006206,0.10,-0.41,-0.67
181008194,0.10,-0.41,-0.67
181010217,0.10,-0.41,-0.67
181012257,0.11,-0.41,-0.71
181014291,0.11,-0.41,-0.71
181016366,0.11,-0.41,-0.71
181018246,0.11,-0.41,-0.71
181020251,0.11,-0.41,-0.71
181022280,0.11,-0.36,-0.75
181024262,0.11,-0.36,-0.75
181026245,0.11,-0.36,-0.75
181028247,0.11,-0.36,-0.75
181030245,0.11,-0.36,-0.75
181032205,0.12,-0.36,-0.82
181034202,0.12,-0.36,-0.82
181036210,0.12,-0.36,-0.82
181038220,0.12,-0.36,-0.82
181040300,0.12,-0.36,-0.82
181042233,0.12,-0.40,-0.88
181044281,0.12,-0.40,-0.88
181046226,0.12,-0.40,-0.88
181048204,0.12,-0.40,-0.88
181050202,0.12,-0.40,-0.88
181052195,0.12,-0.42,-0.88
181054258,0.12,-0.42,-0.88
181056253,0.12,-0.42,-0.88
181058274,0.12,-0.42,-0.88
181060253,0.12,-0.42,-0.88
181062264,0.12,-0.46,-0.91
181064271,0.12,-0.46,-0.91
181066374,0.12,-0.46,-0.91
181068253,0.12,-0.46,-0.91
181070252,0.12,-0.46,-0.91
181072205,0.12,-0.49,-0.94
181074208,0.12,-0.49,-0.94
181076301,0.12,-0.49,-0.94
181078228,0.12,-0.49,-0.94
181080202,0.12,-0.49,-0.94
181082195,0.12,-0.49,-0.94
181084204,0.12,-0.50,-0.97
181086202,0.12,-0.50,-0.97
181088204,0.12,-0.50,-0.97
181090296,0.12,-0.50,-0.97
181092250,0.12,-0.50,-0.97
181094292,0.11,-0.48,-1.00
181096277,0.11,-0.48,-1.00
181098252,0.11,-0.48,-1.00
181100252,0.11,-0.48,-1.00
181102257,0.11,-0.48,-1.00
181104277,0.09,-0.45,-1.06
181106272,0.09,-0.45,-1.06
181108254,0.09,-0.45,-1.06
181110244,0.09,-0.45,-1.06
181112218,0.09,-0.45,-1.06
181114242,0.07,-0.41,-1.20
181116314,0.07,-0.41,-1.20
181118204,0.07,-0.41,-1.20
181120207,0.07,-0.41,-1.20
181122203,0.07,-0.41,-1.20
181124204,0.03,-0.38,-1.34
181126203,0.03,-0.38,-1.34
181128203,0.03,-0.38,-1.34
181130204,0.03,-0.38,-1.34
181132202,0.03,-0.38,-1.34
181134253,0.00,-0.36,-1.42
181136244,0.00,-0.36,-1.42
181138242,0.00,-0.36,-1.42
181140330,0.00,-0.36,-1.42
181142270,0.00,-0.36,-1.42
181144254,-0.04,-0.42,-1.40
181146373,-0.04,-0.42,-1.40
181148229,-0.04,-0.42,-1.40
181150204,-0.04,-0.42,-1.40
181152201,-0.04,-0.42,-1.40
181154201,-0.09,-0.46,-1.36
181156202,-0.09,-0.46,-1.36
181158191,-0.09,-0.46,-1.36
181160244,-0.09,-0.46,-1.36
181162224,-0.09,-0.46,-1.36
181164206,-0.09,-0.46,-1.36
181166315,-0.13,-0.48,-1.43
181168254,-0.13,-0.48,-1.43
181170205,-0.13,-0.48,-1.43
181172195,-0.13,-0.48,-1.43
181174262,-0.13,-0.48,-1.43
181176247,-0.17,-0.49,-1.48
181178245,-0.17,-0.49,-1.48
181180258,-0.17,-0.49,-1.48
181182272,-0.17,-0.49,-1.48
181184253,-0.17,-0.49,-1.48
181186248,-0.18,-0.50,-1.42
181188247,-0.18,-0.50,-1.42
181190364,-0.18,-0.50,-1.42
181192253,-0.18,-0.50,-1.42
181194203,-0.18,-0.50,-1.42
181196204,-0.16,-0.50,-1.30
181198203,-0.16,-0.50,-1.30
181200203,-0.16,-0.50,-1.30
181202202,-0.16,-0.50,-1.30
181204202,-0.16,-0.50,-1.30
181206204,-0.13,-0.42,-1.18
181208209,-0.13,-0.42,-1.18
181210255,-0.13,-0.42,-1.18
181212203,-0.13,-0.42,-1.18
181214291,-0.13,-0.42,-1.18
181216362,-0.10,-0.35,-1.09
181218248,-0.10,-0.35,-1.09
181220251,-0.10,-0.35,-1.09
181222366,-0.10,-0.35,-1.09
181224263,-0.10,-0.35,-1.09
181226247,-0.06,-0.32,-0.95
181228245,-0.06,-0.32,-0.95
181230246,-0.06,-0.32,-0.95
181232202,-0.06,-0.32,-0.95
181234203,-0.06,-0.32,-0.95
181236203,-0.03,-0.25,-0.82
181238206,-0.03,-0.25,-0.82
181240365,-0.03,-0.25,-0.82
181242235,-0.03,-0.25,-0.82
181244206,-0.03,-0.25,-0.82
181246204,-0.00,-0.20,-0.79
181248202,-0.00,-0.20,-0.79
181250265,-0.00,-0.20,-0.79
181252232,-0.00,-0.20,-0.79
181254266,-0.00,-0.20,-0.79
181256250,-0.00,-0.20,-0.79
181258243,0.02,-0.13,-0.83
181260252,0.02,-0.13,-0.83
181262284,0.02,-0.13,-0.83
181264289,0.02,-0.13,-0.83
181266367,0.02,-0.13,-0.83
181268250,0.02,-0.07,-0.86
181270242,0.02,-0.07,-0.86
181272210,0.02,-0.07,-0.86
181274212,0.02,-0.07,-0.86
181276210,0.02,-0.07,-0.86
181278206,0.02,-0.10,-0.86
181280204,0.02,-0.10,-0.86
181282204,0.02,-0.10,-0.86
181284207,0.02,-0.10,-0.86
181286205,0.02,-0.10,-0.86
181288216,0.00,-0.16,-0.90
181290316,0.00,-0.16,-0.90
181292372,0.00,-0.16,-0.90
181294267,0.00,-0.16,-0.90
181296245,0.00,-0.16,-0.90
181298247,-0.03,-0.19,-0.97
181300270,-0.03,-0.19,-0.97
181302281,-0.03,-0.19,-0.97
181304253,-0.03,-0.19,-0.97
181306249,-0.03,-0.19,-0.97
181308248,-0.05,-0.23,-1.05
181310266,-0.05,-0.23,-1.05
181312249,-0.05,-0.23,-1.05
181314242,-0.05,-0.23,-1.05
181316313,-0.05,-0.23,-1.05
181318205,-0.09,-0.25,-1.11
181320223,-0.09,-0.25,-1.11
181322257,-0.09,-0.25,-1.11
181324201,-0.09,-0.25,-1.11
181326201,-0.09,-0.25,-1.11
181328201,-0.11,-0.30,-1.14
181330205,-0.11,-0.30,-1.14
181332194,-0.11,-0.30,-1.14
181334268,-0.11,-0.30,-1.14
181336247,-0.11,-0.30,-1.14
181338251,-0.11,-0.30,-1.14
181340344,-0.11,-0.33,-1.11
181342272,-0.11,-0.33,-1.11
181344278,-0.11,-0.33,-1.11
181346250,-0.11,-0.33,-1.11
181348244,-0.11,-0.33,-1.11
181350238,-0.11,-0.33,-1.07
181352212,-0.11,-0.33,-1.07
181354280,-0.11,-0.33,-1.07
181356231,-0.11,-0.33,-1.07
181358204,-0.11,-0.33,-1.07
181360209,-0.10,-0.31,-1.02
181362225,-0.10,-0.31,-1.02
181364251,-0.10,-0.31,-1.02
181366364,-0.10,-0.31,-1.02
181368203,-0.10,-0.31,-1.02
181370204,-0.08,-0.25,-0.95
181372235,-0.08,-0.25,-0.95
181374296,-0.08,-0.25,-0.95
181376253,-0.08,-0.25,-0.95
181378249,-0.08,-0.25,-0.95
181380248,-0.06,-0.23,-0.89
181382251,-0.06,-0.23,-0.89
181384325,-0.06,-0.23,-0.89
181386261,-0.06,-0.23,-0.89
181388251,-0.06,-0.23,-0.89
181390354,-0.05,-0.22,-0.84
181392216,-0.05,-0.22,-0.84
181394205,-0.05,-0.22,-0.84
181396209,-0.05,-0.22,-0.84
181398212,-0.05,-0.22,-0.84
181400212,-0.04,-0.20,-0.81
181402207,-0.04,-0.20,-0.81
181404213,-0.04,-0.20,-0.81
181406211,-0.04,-0.20,-0.81
181408212,-0.04,-0.20,-0.81
181410206,-0.03,-0.20,-0.79
181412207,-0.03,-0.20,-0.79
181414267,-0.03,-0.20,-0.79
181416338,-0.03,-0.20,-0.79
181418253,-0.03,-0.20,-0.79
181420253,-0.03,-0.20,-0.79
181422253,-0.03,-0.18,-0.77
181424250,-0.03,-0.18,-0.77
181426235,-0.03,-0.18,-0.77
181428215,-0.03,-0.18,-0.77
181430215,-0.03,-0.18,-0.77
181432211,-0.03,-0.18,-0.77
181434213,-0.03,-0.18,-0.77
181436208,-0.03,-0.18,-0.77
181438217,-0.03,-0.18,-0.77
181440286,-0.03,-0.18,-0.77
181442213,-0.03,-0.18,-0.75
181444210,-0.03,-0.18,-0.75
181446211,-0.03,-0.18,-0.75
181448210,-0.03,-0.18,-0.75
181450213,-0.03,-0.18,-0.75
181452208,-0.02,-0.14,-0.74
181454254,-0.02,-0.14,-0.74
181456253,-0.02,-0.14,-0.74
181458256,-0.02,-0.14,-0.74
181460254,-0.02,-0.14,-0.74
181462255,-0.01,-0.14,-0.71
181464252,-0.01,-0.14,-0.71
181466333,-0.01,-0.14,-0.71
181468245,-0.01,-0.14,-0.71
181470218,-0.01,-0.14,-0.71
181472208,0.00,-0.12,-0.69
181474212,0.00,-0.12,-0.69
181476214,0.00,-0.12,-0.69
181478212,0.00,-0.12,-0.69
181480210,0.00,-0.12,-0.69
181482207,0.01,-0.09,-0.64
181484211,0.01,-0.09,-0.64
181486215,0.01,-0.09,-0.64
181488212,0.01,-0.09,-0.64
181490278,0.01,-0.09,-0.64
181492211,0.03,-0.08,-0.61
181494257,0.03,-0.08,-0.61
181496255,0.03,-0.08,-0.61
181498276,0.03,-0.08,-0.61
181500252,0.03,-0.08,-0.61
181502248,0.04,-0.05,-0.57
181504249,0.04,-0.05,-0.57
181506252,0.04,-0.05,-0.57
181508210,0.04,-0.05,-0.57
181510215,0.04,-0.05,-0.57
181512209,0.04,-0.05,-0.57
181514247,0.05,-0.04,-0.53
181516315,0.05,-0.04,-0.53
181518211,0.05,-0.04,-0.53
181520207,0.05,-0.04,-0.53
181522205,0.05,-0.04,-0.53
181524259,0.07,-0.02,-0.54
181526211,0.07,-0.02,-0.54
181528208,0.07,-0.02,-0.54
181530205,0.07,-0.02,-0.54
181532210,0.07,-0.02,-0.54
181534254,0.09,-0.02,-0.54
181536254,0.09,-0.02,-0.54
181538251,0.09,-0.02,-0.54
181540349,0.09,-0.02,-0.54
181542256,0.09,-0.02,-0.54
181544249,0.09,-0.05,-0.53
181546234,0.09,-0.05,-0.53
181548217,0.09,-0.05,-0.53
181550212,0.09,-0.05,-0.53
181552215,0.09,-0.05,-0.53
181554208,0.09,-0.10,-0.54
181556211,0.09,-0.10,-0.54
181558210,0.09,-0.10,-0.54
181560217,0.09,-0.10,-0.54
181562224,0.09,-0.10,-0.54
181564210,0.08,-0.13,-0.63
181566292,0.08,-0.13,-0.63
181568215,0.08,-0.13,-0.63
181570247,0.08,-0.13,-0.63
181572211,0.08,-0.13,-0.63
181574269,0.07,-0.13,-0.74
181576248,0.07,-0.13,-0.74
181578277,0.07,-0.13,-0.74
181580225,0.07,-0.13,-0.74
181582186,0.07,-0.13,-0.74
181584184,0.06,-0.14,-0.85
181586186,0.06,-0.14,-0.85
181588185,0.06,-0.14,-0.85
181590186,0.06,-0.14,-0.85
181592203,0.06,-0.14,-0.85
181594188,0.06,-0.14,-0.85
181596184,0.05,-0.17,-0.91
181598185,0.05,-0.17,-0.91
181600183,0.05,-0.17,-0.91
181602192,0.05,-0.17,-0.91
181604203,0.05,-0.17,-0.91
181606261,0.05,-0.14,-0.92
181608189,0.05,-0.14,-0.92
181610183,0.05,-0.14,-0.92
181612184,0.05,-0.14,-0.92
181614239,0.05,-0.14,-0.92
181616292,0.05,-0.14,-0.97
181618187,0.05,-0.14,-0.97
181620184,0.05,-0.14,-0.97
181622184,0.05,-0.14,-0.97
182552275,0.03,-0.26,-0.67
182554279,0.03,-0.26,-0.67
182556276,0.03,-0.26,-0.67
182558247,0.02,-0.22,-0.66
182560250,0.02,-0.22,-0.66
182562255,0.02,-0.22,-0.66
182564269,0.02,-0.22,-0.66
182566374,0.02,-0.22,-0.66
182568256,0.02,-0.24,-0.70
182570246,0.02,-0.24,-0.70
182572247,0.02,-0.24,-0.70
182574239,0.02,-0.24,-0.70
182576205,0.02,-0.24,-0.70
182578205,0.01,-0.31,-0.72
182580210,0.01,-0.31,-0.72
182582282,0.01,-0.31,-0.72
182584256,0.01,-0.31,-0.72
182586206,0.01,-0.31,-0.72
182588207,-0.01,-0.32,-0.69
182590296,-0.01,-0.32,-0.69
182552275,0.03,-0.26,-0.67
182554279,0.03,-0.26,-0.67
182556276,0.03,-0.26,-0.67
182558247,0.02,-0.22,-0.66
182560250,0.02,-0.22,-0.66
182562255,0.02,-0.22,-0.66
182564269,0.02,-0.22,-0.66
182566374,0.02,-0.22,-0.66
182568256,0.02,-0.24,-0.70
182570246,0.02,-0.24,-0.70
182572247,0.02,-0.24,-0.70
182574239,0.02,-0.24,-0.70
